DATA;Livello invaso                              (m s.l.m.);Volume invaso                             (m3);Pioggia Ridracoli                        (mm);Apporto mc/giorno;Prelievi m3/giorno
1/1/2015;548,32;24627147;0,8;69304,56768;-145627,5677
2/1/2015;548,23;24550824;8,6;101375,3664;-109846,3664
3/1/2015;548,22;24542353;0,0;289284,2208;-25790,2208
4/1/2015;548,53;24805847;0,0;440470,7424;-243764,7424
5/1/2015;548,76;25002553;0,0;257716,944;-180464,944
6/1/2015;548,85;25079805;0,0;158244,3648;-123858,3648
7/1/2015;548,89;25114191;0,2;140977,6704;-123773,6704
8/1/2015;548,91;25131395;0,0;135142,4736;-143745,4736
9/1/2015;548,9;25122792;0,0;120342,24;-146140,24
10/1/2015;548,87;25096994;0,0;111354,9984;-102756,9984
11/1/2015;548,88;25105592;0,4;102218,1984;-119411,1984
12/1/2015;548,86;25088399;0,0;113636,736;-122230,736
13/1/2015;548,85;25079805;0,0;85853,9952;-111621,9952
14/1/2015;548,82;25054037;0,2;78610,40064;-121518,4006
15/1/2015;548,77;25011129;0,0;81472,49568;-115764,4957
16/1/2015;548,73;24976837;3,0;90500,0256;-124760,0256
17/1/2015;548,69;24942577;12,6;121810,176;-113248,176
18/1/2015;548,7;24951139;0,0;118076,0544;-126638,0544
19/1/2015;548,69;24942577;0,2;94485,312;-120160,312
20/1/2015;548,66;24916902;4,0;94270,0032;-119927,0032
21/1/2015;548,63;24891245;7,0;120736,224;-95079,224
22/1/2015;548,66;24916902;11,2;296157,0816;-30003,0816
23/1/2015;548,97;25183056;10,6;557469,3024;-124220,3024
24/1/2015;549,47;25616305;0,0;445009,4208;-209009,4208
25/1/2015;549,74;25852305;2,6;282581,568;-159643,568
26/1/2015;549,88;25975243;0,0;189626,5728;-128012,5728
27/1/2015;549,95;26036857;0,0;166184,0928;-130932,0928
28/1/2015;549,99;26072109;0,0;126065,6352;-134881,6352
29/1/2015;549,98;26063293;24,6;224470,3968;469142,6032
30/1/2015;550,76;26756906;34,4;1841952,96;-510848,96
31/1/2015;552,22;28088010;0,2;572515,344;-256332,344
1/2/2015;552,56;28404193;2,2;339410,2176;-171063,2176
2/2/2015;552,74;28572540;0,4;228534,9984;-125329,9984
3/2/2015;552,85;28675745;2,2;228278,4768;-124825,4768
4/2/2015;552,96;28779198;18,4;233431,2864;-120290,2864
5/2/2015;553,08;28892339;23,6;472758,0768;-7688,0768
6/2/2015;553,57;29357409;6,6;507070,0224;-248688,0224
7/2/2015;553,84;29615791;2,8;317683,9872;-183112,9872
8/2/2015;553,98;29750362;27,2;260116,3584;-125138,3584
9/2/2015;554,12;29885340;17,0;252035,5392;-174722,5392
10/2/2015;554,2;29962653;25,0;264955,2768;-139037,2768
11/2/2015;554,33;30088571;0,0;338873,5872;-144465,5872
12/2/2015;554,53;30282979;0,0;385418,8224;-141231,8224
13/2/2015;554,78;30527166;0,0;366538,0896;-189913,0896
14/2/2015;554,96;30703791;0,2;399504,6144;-113510,6144
15/2/2015;555,25;30989785;0,2;615465,5616;-128204,5616
16/2/2015;555,74;31477046;7,4;736890,48;-42116,48
17/2/2015;556,43;32171820;2,0;891773,28;-422949,28
18/2/2015;556,89;32640644;0,0;510086,6784;-366500,6784
19/2/2015;557,03;32784230;0,2;330725,7216;-351263,7216
20/2/2015;557,01;32763692;0,0;254724,2208;-306031,2208
21/2/2015;556,96;32712385;1,6;213662,3616;-254670,3616
22/2/2015;556,92;32671377;10,2;480477,6576;-213314,6576
23/2/2015;557,18;32938540;1,2;522488,5344;-336677,5344
24/2/2015;557,36;33124351;11,4;401086,5984;-349348,5984
25/2/2015;557,41;33176089;25,8;455606,3808;-507344,3808
26/2/2015;557,36;33124351;5,2;336696,9984;-357376,9984
27/2/2015;557,34;33103671;0,0;303606,8352;-303606,8352
28/2/2015;557,34;33103671;0,2;288121,104;-319125,104
1/3/2015;557,31;33072667;0,2;266802,9408;-287461,9408
2/3/2015;557,29;33052008;4,8;462338,064;-389995,064
3/3/2015;557,36;33124351;0,0;269696,304;-352365,304
4/3/2015;557,28;33041682;22,8;266653,8144;-163295,8144
5/3/2015;557,38;33145040;23,0;395388,5184;-478092,5184
6/3/2015;557,3;33062336;5,2;277206,4512;-287534,4512
7/3/2015;557,29;33052008;0,0;297605,664;-276946,664
8/3/2015;557,31;33072667;0,0;297608,256;-328593,256
9/3/2015;557,28;33041682;0,0;256277,4336;-297560,4336
10/3/2015;557,24;33000399;0,2;217099,872;-196462,872
11/3/2015;557,26;33021036;0,0;180862,848;-160216,848
12/3/2015;557,28;33041682;0,0;205558,56;-184904,56
13/3/2015;557,3;33062336;0,0;181116,864;-201770,864
14/3/2015;557,28;33041682;0,0;160273,728;-191238,728
15/3/2015;557,25;33010717;12,0;167308,7616;-146667,7616
16/3/2015;557,27;33031358;25,8;350317,872;-298676,872
17/3/2015;557,32;33082999;14,6;768479,0112;-840761,0112
18/3/2015;557,25;33010717;0,0;390563,2512;-297609,2512
19/3/2015;557,34;33103671;0,0;323335,7568;-344007,7568
20/3/2015;557,32;33082999;0,0;269161,6608;-310478,6608
21/3/2015;557,28;33041682;0,2;225256,896;-297478,896
22/3/2015;557,21;32969460;8,6;225258,7968;-256178,7968
23/3/2015;557,18;32938540;4,0;338680,8288;-318069,8288
24/3/2015;557,2;32959151;0,6;276813,5904;-307726,5904
25/3/2015;557,17;32928238;61,2;1112895,072;-906439,072
26/3/2015;557,37;33134694;14,8;1584212,256;-1790668,256
27/3/2015;557,17;32928238;19,6;531568,224;-294069,224
28/3/2015;557,4;33165737;0,2;439780,1472;-460477,1472
29/3/2015;557,38;33145040;0,0;429252,9984;-439598,9984
30/3/2015;557,37;33134694;0,0;333282,6432;-364305,6432
31/3/2015;557,34;33103671;0,0;272208,0384;-303212,0384
1/4/2015;557,31;33072667;0,0;287830,368;-308489,368
2/4/2015;557,29;33052008;0,0;225158,4;-318015,4
3/4/2015;557,2;32959151;0,0;194370,8832;-317908,8832
4/4/2015;557,08;32835613;26,4;245830,896;-81044,896
5/4/2015;557,24;33000399;24,8;663180,048;-539228,048
6/4/2015;557,36;33124351;0,0;330148,8288;-350828,8288
7/4/2015;557,34;33103671;2,2;269186,2848;-310521,2848
8/4/2015;557,3;33062336;0,0;227954,736;-186619,736
9/4/2015;557,34;33103671;0,0;198717,9264;-188378,9264
10/4/2015;557,35;33114010;0,0;222672,4128;-222672,4128
11/4/2015;557,35;33114010;0,0;182936,9664;-203612,9664
12/4/2015;557,33;33093334;0,0;165539,9808;-165539,9808
13/4/2015;557,33;33093334;0,0;165964,5504;-196962,5504
14/4/2015;557,3;33062336;0,0;169593,5232;-169593,5232
15/4/2015;557,3;33062336;0,0;185497,344;-185497,344
16/4/2015;557,3;33062336;0,0;169092,7488;-189746,7488
17/4/2015;557,28;33041682;3,0;161632,9728;-192597,9728
18/4/2015;557,25;33010717;7,4;151088,1984;-161406,1984
19/4/2015;557,24;33000399;0,2;163404,6912;-204652,6912
20/4/2015;557,2;32959151;0,0;127767,024;-179279,024
21/4/2015;557,15;32907639;0,0;118534,752;-190560,752
22/4/2015;557,08;32835613;0,0;105402,9024;-197852,9024
23/4/2015;556,99;32743163;0,8;96433,3728;-157970,3728
24/4/2015;556,93;32681626;0,4;98301,4272;-169996,4272
25/4/2015;556,86;32609931;0,2;94792,032;-176601,032
26/4/2015;556,78;32528122;9,0;111332,016;-152185,016
27/4/2015;556,74;32487269;10,6;135672,2784;-145880,2784
28/4/2015;556,73;32477061;8,8;155972,736;-135554,736
29/4/2015;556,75;32497479;3,0;195805,8144;-175379,8144
30/4/2015;556,77;32517905;0,4;173295,2448;-183509,2448
1/5/2015;556,76;32507691;0,0;133932,528;-164562,528
2/5/2015;556,73;32477061;0,8;120864,7872;-182066,7872
3/5/2015;556,67;32415859;0,0;107886,2112;-169012,2112
4/5/2015;556,61;32354733;0,0;94859,856;-155907,856
5/5/2015;556,55;32293685;0,0;74689,76736;-155967,7674
6/5/2015;556,47;32212407;0,0;92734,0704;-184008,0704
7/5/2015;556,38;32121133;0,0;60419,52;-151520,52
8/5/2015;556,29;32030032;0,2;65845,7424;-156774,7424
9/5/2015;556,2;31939103;0,0;57398,31936;-178368,3194
10/5/2015;556,08;31818133;0,0;59195,29248;-159770,2925
11/5/2015;555,98;31717558;0,0;45925,66944;-136260,6694
12/5/2015;555,89;31627223;0,0;55557,24768;-155728,2477
13/5/2015;555,79;31527052;0,0;37161,69408;-157087,6941
14/5/2015;555,67;31407126;0,0;28352,30688;-138016,3069
15/5/2015;555,56;31297462;1,0;43370,30304;-182572,303
16/5/2015;555,42;31158260;2,8;37525,464;-116883,464
17/5/2015;555,34;31078902;0,0;42704,61696;-161489,617
18/5/2015;555,22;30960117;0,2;34252,90848;-152733,9085
19/5/2015;555,1;30841636;0,0;29372,39712;-157385,3971
20/5/2015;554,97;30713623;2,0;36354,23424;-144395,2342
21/5/2015;554,86;30605582;2,2;34779,83616;-132778,8362
22/5/2015;554,76;30507583;54,4;333936,5184;118597,4816
23/5/2015;555,22;30960117;20,6;753025,248;-296034,248
24/5/2015;555,68;31417108;11,2;468911,808;-198592,808
25/5/2015;555,95;31687427;0,4;279190,0224;-218909,0224
26/5/2015;556,01;31747708;18,2;264527,2512;-42842,2512
27/5/2015;556,23;31969393;12,6;651096,8352;-194435,8352
28/5/2015;556,68;32426054;0,2;330924,6144;-228856,6144
29/5/2015;556,78;32528122;0,2;190043,5392;-200260,5392
30/5/2015;556,77;32517905;0,0;144459,936;-195509,936
31/5/2015;556,72;32466855;0,0;106167,456;-177547,456
1/6/2015;556,65;32395475;0,0;101275,92;-203065,92
2/6/2015;556,55;32293685;0,0;74290,24512;-175866,2451
3/6/2015;556,45;32192109;0,0;71788,12704;-163024,127
4/6/2015;556,36;32100873;0,0;67952,32992;-179228,3299
5/6/2015;556,25;31989597;0,0;55316,66688;-176413,6669
6/6/2015;556,13;31868500;0,0;47698,05312;-178542,0531
7/6/2015;556;31737656;0,0;62300,97504;-182760,975
8/6/2015;555,88;31617196;0,0;42902,0928;-173055,0928
9/6/2015;555,75;31487043;0,4;42322,0896;-162146,0896
10/6/2015;555,63;31367219;3,6;60475,53312;-179994,5331
11/6/2015;555,51;31247700;4,2;39100,44096;-148392,441
12/6/2015;555,4;31138408;0,2;47506,0464;-196129,0464
13/6/2015;555,25;30989785;0,0;32523,97536;-180672,9754
14/6/2015;555,1;30841636;10,6;52761,90528;-161103,9053
15/6/2015;554,99;30733294;7,4;62377,76736;-160649,7674
16/6/2015;554,89;30635022;0,0;39511,20384;-166950,2038
17/6/2015;554,76;30507583;14,2;58701,27456;-146721,2746
18/6/2015;554,67;30419563;0,0;43717,63968;-190041,6397
19/6/2015;554,52;30273239;0,2;33614,75808;-160047,7581
20/6/2015;554,39;30146806;6,8;26303,33088;-142698,3309
21/6/2015;554,27;30030411;0,2;58309,60608;-193723,6061
22/6/2015;554,13;29894997;0,0;25814,82528;-160821,8253
23/6/2015;553,99;29759990;0,0;19189,11168;-163388,1117
24/6/2015;553,84;29615791;16,8;59280,24096;-193444,241
25/6/2015;553,7;29481627;0,2;30555,93024;-173852,9302
26/6/2015;553,55;29338330;0,0;17961,27264;-170299,2726
27/6/2015;553,39;29185992;0,8;14418,6912;-185167,6912
28/6/2015;553,21;29015243;0,2;28662,41376;-170443,4138
29/6/2015;553,06;28873462;0,0;17578,52064;-168302,5206
30/6/2015;552,9;28722738;0,0;24084,1296;-193020,1296
1/7/2015;552,72;28553802;0,0;-3155,302944;-174446,6971
2/7/2015;552,53;28376200;0,0;16365,90528;-202519,9053
3/7/2015;552,33;28190046;0,0;5775,663744;-209602,6637
4/7/2015;552,11;27986219;0,0;12566,26656;-215410,2666
5/7/2015;551,89;27783375;0,0;5289,457248;-188840,4572
6/7/2015;551,69;27599824;0,0;6316,17696;-189059,177
7/7/2015;551,49;27417081;0,0;8768,29536;-217924,2954
8/7/2015;551,26;27207925;0,0;-2588,36688;-187450,6331
9/7/2015;551,05;27017886;0,0;9267,58368;-189433,5837
10/7/2015;550,85;26837720;0,2;3004,526304;-173420,5263
11/7/2015;550,66;26667304;0,0;7731,418464;-204154,4185
12/7/2015;550,44;26470881;0,0;-885,34512;-176843,6549
13/7/2015;550,24;26293152;0,0;3750,839136;-189509,8391
14/7/2015;550,03;26107393;0,0;9055,35936;-193940,3594
15/7/2015;549,82;25922508;0,0;-244,3671072;-175025,6329
16/7/2015;549,62;25747238;0,0;952,872768;-192836,8728
17/7/2015;549,4;25555354;0,0;3322,187136;-194254,1871
18/7/2015;549,18;25364422;0,0;-1320,816672;-197273,1833
19/7/2015;548,95;25165828;0,0;5916,05424;-194907,0542
20/7/2015;548,73;24976837;0,0;7012,382112;-212106,3821
21/7/2015;548,49;24771743;0,0;-1275,097248;-194220,9028
22/7/2015;548,26;24576247;0,4;2114,783424;-196582,7834
23/7/2015;548,03;24381779;0,0;-10991,48832;-190840,5117
24/7/2015;547,79;24179947;7,2;5433,633792;-197811,6338
25/7/2015;547,56;23987569;0,6;6616,4688;-189677,4688
26/7/2015;547,34;23804508;0,0;-7168,233888;-183220,7661
27/7/2015;547,11;23614119;0,0;14786,28;-204161,28
28/7/2015;546,88;23424744;0,0;-8589,570048;-187943,43
29/7/2015;546,64;23228211;0,0;101,2494816;-179292,2495
30/7/2015;546,42;23049020;0,0;-689,1140448;-193744,886
31/7/2015;546,18;22854586;7,0;292,9869792;-161487,987
1/8/2015;545,98;22693391;9,0;8257,493376;-168697,4934
2/8/2015;545,78;22532951;0,2;7750,982016;-167436,982
3/8/2015;545,58;22373265;0,2;4953,907296;-179740,9073
4/8/2015;545,36;22198478;0,0;1018,174752;-174898,1748
5/8/2015;545,14;22024598;0,0;-4080,484512;-176736,5155
6/8/2015;544,91;21843781;0,0;4183,353216;-191811,3532
7/8/2015;544,67;21656153;0,0;-709,328448;-185848,6716
8/8/2015;544,43;21469595;0,0;-35,1811296;-185455,8189
9/8/2015;544,19;21284104;0,0;-2597,138208;-174166,8618
10/8/2015;543,96;21107340;17,4;21213,792;-181756,792
11/8/2015;543,75;20946797;0,2;-5103,432864;-162216,5671
12/8/2015;543,53;20779477;0,0;1096,076448;-190156,0764
13/8/2015;543,28;20590417;0,0;6544,288512;-186969,2885
14/8/2015;543,04;20409992;4,2;1095,555456;-195373,5555
15/8/2015;542,78;20215714;0,0;-1936,048608;-161494,9514
16/8/2015;542,56;20052283;8,4;-3740,033088;-158815,9669
17/8/2015;542,34;19889727;0,0;5201,591904;-181540,5919
18/8/2015;542,1;19713388;0,0;-1810,213056;-166208,7869
19/8/2015;541,87;19545369;3,4;-89,2134432;-159738,7866
20/8/2015;541,65;19385541;0,0;5593,4064;-171760,4064
21/8/2015;541,42;19219374;0,0;-9652,45248;-155573,5475
22/8/2015;541,19;19054148;0,2;-15040,2096;-156366,7904
23/8/2015;540,95;18882741;0,0;19224,91584;-189611,9158
24/8/2015;540,71;18712354;3,4;265,3236;-148520,3236
25/8/2015;540,5;18564099;3,0;-5020,8768;-163462,1232
26/8/2015;540,26;18395616;0,0;6091,612992;-180521,613
27/8/2015;540,01;18221186;0,0;4516,306848;-170939,3068
28/8/2015;539,77;18054763;0,0;-4772,405088;-167518,5949
29/8/2015;539,52;17882472;0,2;1589,825664;-179619,8257
30/8/2015;539,26;17704442;0,0;-3423,206016;-159873,794
31/8/2015;539,02;17541145;0,0;3974,954688;-179757,9547
1/9/2015;538,76;17365362;0,0;-14080,14144;-147148,8586
2/9/2015;538,52;17204133;0,0;1354,73904;-161597,739
3/9/2015;538,28;17043890;0,6;-3580,86528;-168904,1347
4/9/2015;538,02;16871405;0,8;4489,833024;-156113,833
5/9/2015;537,79;16719781;5,4;-5167,279872;-158622,7201
6/9/2015;537,54;16555991;0,2;4951,572768;-148212,5728
7/9/2015;537,32;16412730;0,0;-3614,887008;-164641,113
8/9/2015;537,06;16244474;0,0;2671,265088;-137741,2651
9/9/2015;536,85;16109404;0,0;-15753,38976;-131332,6102
10/9/2015;536,62;15962318;0,0;9054,84096;-186923,841
11/9/2015;536,34;15784449;0,0;-5960,1528;-158035,8472
12/9/2015;536,08;15620453;0,0;-345,5903232;-150040,4097
13/9/2015;535,84;15470067;3,2;2731,299264;-127327,2993
14/9/2015;535,64;15345471;8,8;-2010,073536;-140458,9265
15/9/2015;535,41;15203002;0,0;6561,091584;-142024,0916
16/9/2015;535,19;15067539;0,0;-2252,18016;-138520,8198
17/9/2015;534,96;14926766;0,0;3056,1408;-149030,1408
18/9/2015;534,72;14780792;0,0;-7743,60432;-149337,3957
19/9/2015;534,46;14623711;0,0;6022,662336;-156028,6623
20/9/2015;534,21;14473705;0,2;-7295,56416;-100084,4358
21/9/2015;534,03;14366325;0,2;451,82016;-148725,8202
22/9/2015;533,78;14218051;0,0;6713,960832;-159854,9608
23/9/2015;533,52;14064910;3,2;-1010,402208;-139390,5978
24/9/2015;533,28;13924509;10,2;3564,94608;-108263,9461
25/9/2015;533,1;13819810;1,4;7801,67376;-129300,6738
26/9/2015;532,89;13698311;0,2;-4354,8624;-127913,1376
27/9/2015;532,66;13566043;0,0;1749,128256;-133183,1283
28/9/2015;532,43;13434609;0,8;-5263,087968;-119676,912
29/9/2015;532,21;13309669;2,6;4035,659328;-128216,6593
30/9/2015;531,99;13185488;4,0;2435,593536;-125859,5935
1/10/2015;531,77;13062064;29,2;55804,99104;-83750,99104
2/10/2015;531,72;13034118;21,0;118661,76;-113075,76
3/10/2015;531,73;13039704;0,2;52698,58272;-153009,5827
4/10/2015;531,55;12939393;15,2;112931,7984;-96247,7984
5/10/2015;531,58;12956077;0,2;55498,77216;-138776,7722
6/10/2015;531,43;12872799;1,6;21995,53056;-126979,5306
7/10/2015;531,24;12767815;0,4;17408,59776;-121835,5978
8/10/2015;531,05;12663388;0,2;13551,0624;-133770,0624
9/10/2015;530,83;12543169;0,2;3853,763136;-112499,7631
10/10/2015;530,63;12434523;57,4;306753,264;48593,736
11/10/2015;531,28;12789870;5,6;383645,2032;-245236,2032
12/10/2015;531,53;12928279;0,2;104190,5376;-154129,5376
13/10/2015;531,44;12878340;31,0;252195,2064;32455,7936
14/10/2015;531,95;13162991;20,4;397212,1632;172750,8368
15/10/2015;532,95;13732954;16,2;802044,3744;-464218,3744
16/10/2015;533,53;14070780;8,2;303235,8336;-173689,8336
17/10/2015;533,75;14200326;0,0;152650,9152;-140835,9152
18/10/2015;533,77;14212141;2,0;102115,3824;-113930,3824
19/10/2015;533,75;14200326;10,2;149737,9392;-126100,9392
20/10/2015;533,79;14223963;0,4;95679,2736;-125221,2736
21/10/2015;533,74;14194421;0,0;64099,06272;-117175,0627
22/10/2015;533,65;14141345;0,0;61917,0912;-114862,0912
23/10/2015;533,56;14088400;0,0;54427,87872;-101381,8787
24/10/2015;533,48;14041446;0,4;37316,25504;-101710,255
25/10/2015;533,37;13977052;0,2;37694,85984;-101896,8598
26/10/2015;533,26;13912850;0,2;35953,20864;-99962,20864
27/10/2015;533,15;13848841;0,2;26725,69728;-102124,6973
28/10/2015;533,02;13773442;22,0;148452,5664;396873,4336
29/10/2015;533,95;14318768;25,0;998828,928;-536804,928
30/10/2015;534,72;14780792;1,0;246627,072;-155503,072
31/10/2015;534,87;14871916;0,0;152353,44;-140176,44
1/11/2015;534,89;14884093;0,2;97595,6256;-115859,6256
2/11/2015;534,86;14865829;0,0;84268,54656;-102517,5466
3/11/2015;534,83;14847580;0,0;70024,68576;-112548,6858
4/11/2015;534,76;14805056;0,2;64418,83776;-106862,8378
5/11/2015;534,69;14762612;0,0;54871,11936;-115368,1194
6/11/2015;534,59;14702115;0,4;45344,18016;-117726,1802
7/11/2015;534,47;14629733;0,2;43579,87488;-109725,8749
8/11/2015;534,36;14563587;0,0;41740,67808;-113675,6781
9/11/2015;534,24;14491652;0,0;34107,0048;-99843,0048
10/11/2015;534,13;14425916;0,0;28181,44224;-99671,44224
11/11/2015;534,01;14354426;0,0;32680,2816;-103938,2816
12/11/2015;533,89;14283168;0,4;28375,25472;-111217,2547
13/11/2015;533,75;14200326;0,2;27449,22816;-121741,2282
14/11/2015;533,59;14106034;0,2;27290,48544;-115316,4854
15/11/2015;533,44;14018008;0,2;30148,9776;-123647,9776
16/11/2015;533,28;13924509;0,0;23158,656;-110443,656
17/11/2015;533,13;13837224;0,0;13282,10784;-94426,10784
18/11/2015;532,99;13756080;0,2;22873,25952;-115227,2595
19/11/2015;532,83;13663726;0,2;21308,73696;-118991,737
20/11/2015;532,66;13566043;1,0;11429,63136;-114361,6314
21/11/2015;532,48;13463111;41,6;343802,1024;94284,8976
22/11/2015;533,24;13901198;18,4;502120,6848;-267862,6848
23/11/2015;533,64;14135456;9,8;220177,6992;-125757,6992
24/11/2015;533,8;14229876;0,8;200463,552;-117509,552
25/11/2015;533,94;14312830;0,0;180590,9472;-121143,9472
26/11/2015;534,04;14372277;15,2;187749,5328;-98278,5328
27/11/2015;534,19;14461748;5,0;201532,4928;-117698,4928
28/11/2015;534,33;14545582;0,2;166120,6752;-136103,6752
29/11/2015;534,38;14575599;0,2;141746,4576;-81590,4576
30/11/2015;534,48;14635755;0,0;292665,0528;-74758,0528
1/12/2015;534,84;14853662;0,0;308530,6848;-143716,6848
2/12/2015;535,11;15018476;0,2;220044,7296;-134115,7296
3/12/2015;535,25;15104405;0,2;153111,4272;-110027,4272
4/12/2015;535,32;15147489;0,4;102414,24;-114732,24
5/12/2015;535,3;15135171;0,0;102953,376;-109110,376
6/12/2015;535,29;15129014;0,2;77705,83584;-96164,83584
7/12/2015;535,26;15110555;0,0;76952,94624;-101543,9462
8/12/2015;535,22;15085964;0,2;58994,97408;-83558,97408
9/12/2015;535,18;15061400;0,4;62162,69184;-92830,69184
10/12/2015;535,13;15030732;0,2;57937,99968;-94685,99968
11/12/2015;535,07;14993984;0,0;52882,79616;-83460,79616
12/12/2015;535,02;14963406;0,2;51073,26912;-93814,26912
13/12/2015;534,95;14920665;0,2;40584,61152;-77156,61152
14/12/2015;534,89;14884093;0,0;46370,74176;-76801,74176
15/12/2015;534,84;14853662;0,2;42315,01344;-84851,01344
16/12/2015;534,77;14811126;0,0;37049,82336;-79505,82336
17/12/2015;534,7;14768670;0,2;36551,27808;-84974,27808
18/12/2015;534,62;14720247;0,2;40106,41344;-94459,41344
19/12/2015;534,53;14665894;0,2;32898,76128;-87119,76128
20/12/2015;534,44;14611673;0,4;25609,27104;-79698,27104
21/12/2015;534,35;14557584;0,0;35782,27488;-89741,27488
22/12/2015;534,26;14503625;0,0;32804,93088;-80657,93088
23/12/2015;534,18;14455772;0,0;23011,53408;-76723,53408
24/12/2015;534,09;14402060;0,0;27840,672;-75474,672
25/12/2015;534,01;14354426;0,0;21319,9776;-68850,9776
26/12/2015;533,93;14306895;0,4;33097,27392;-80526,27392
27/12/2015;533,85;14259466;0,0;19425,2256;-60840,2256
28/12/2015;533,78;14218051;0,0;29533,10112;-82666,10112
29/12/2015;533,69;14164918;0,0;20665,30752;-79549,30752
30/12/2015;533,59;14106034;0,0;21082,15296;-73941,15296
31/12/2015;533,5;14053175;0,0;14349,12192;-84626,12192
1/1/2016;533,38;13982898;0,0;22586,07456;-80975,07456
2/1/2016;533,28;13924509;28,4;63978,2496;76422,7504
3/1/2016;533,52;14064910;5,2;378411,696;-189776,696
4/1/2016;533,84;14253545;6,2;294213,7728;-56106,7728
5/1/2016;534,24;14491652;6,0;386723,808;-61177,808
6/1/2016;534,78;14817198;30,8;466337,6064;-24888,6064
7/1/2016;535,5;15258647;3,4;492588,432;52208,568
8/1/2016;536,37;15803444;0,6;703737,8496;-204593,8496
9/1/2016;537,15;16302588;2,0;407847,312;61982,688
10/1/2016;537,87;16772418;11,6;777342,7872;-197872,7872
11/1/2016;538,74;17351888;11,0;461839,6224;-61469,6224
12/1/2016;539,33;17752258;3,4;450463,9392;-120291,9392
13/1/2016;539,81;18082430;0,2;303550,5888;-116064,5888
14/1/2016;540,08;18269916;27,2;392568,768;413161,232
15/1/2016;541,22;19075646;6,0;1164427,488;-438645,488
16/1/2016;542,22;19801428;3,2;455047,1136;-152286,1136
17/1/2016;542,63;20104189;0,0;277565,7024;-91463,7024
18/1/2016;542,88;20290291;0,0;206736,7968;-87035,7968
19/1/2016;543,04;20409992;0,0;159486,0192;-84436,0192
20/1/2016;543,14;20485042;0,0;139324,4928;-49025,4928
21/1/2016;543,26;20575341;0,0;122909,4432;-100293,4432
22/1/2016;543,29;20597957;0,0;98711,9136;-76078,9136
23/1/2016;543,32;20620590;0,0;105599,9808;-67842,9808
24/1/2016;543,37;20658347;0,0;82684,6704;-82684,6704
25/1/2016;543,37;20658347;0,0;88224,9408;-57985,9408
26/1/2016;543,41;20688586;0,0;81397,44864;-66267,44864
27/1/2016;543,43;20703716;0,0;61128,37152;-68694,37152
28/1/2016;543,42;20696150;0,0;103786,704;-65937,704
29/1/2016;543,47;20733999;0,0;64783,1088;-64783,1088
30/1/2016;543,47;20733999;0,2;81816,2208;-66664,2208
31/1/2016;543,49;20749151;0,0;97580,0736;-59667,0736
1/2/2016;543,54;20787064;0,0;116677,4112;-71122,4112
2/2/2016;543,6;20832619;0,0;78358,48416;-47951,48416
3/2/2016;543,64;20863026;9,4;95915,1456;-65478,1456
4/2/2016;543,68;20893463;11,0;117423,7344;-147860,7344
5/2/2016;543,64;20863026;0,0;93442,3776;-108649,3776
6/2/2016;543,62;20847819;0,0;97827,3504;-90224,3504
7/2/2016;543,63;20855422;5,2;154056,1248;-9257,1248
8/2/2016;543,82;21000221;3,6;382980,1824;-91389,1824
9/2/2016;544,2;21291812;31,2;418463,1072;527847,8928
10/2/2016;545,41;22238123;16,4;1464744,384;-556220,384
11/2/2016;546,54;23146647;1,8;500879,2896;-115868,2896
12/2/2016;547,01;23531658;43,0;1129564,224;495994,776
13/2/2016;548,94;25157217;9,4;1508035,104;-336618,104
14/2/2016;550,28;26328634;29,0;2185360,128;-137794,128
15/2/2016;552,53;28376200;33,2;1283566,176;293214,824
16/2/2016;554,19;29952981;29,4;1976794,848;-222263,848
17/2/2016;555,97;31707512;21,6;1619187,84;-624569,84
18/2/2016;556,95;32702130;1,0;826321,9104;-393757,9104
19/2/2016;557,37;33134694;0,6;428680,2528;-449364,2528
20/2/2016;557,35;33114010;0,4;304310,2176;-345653,2176
21/2/2016;557,31;33072667;0,0;260733,9456;-291718,9456
22/2/2016;557,28;33041682;0,0;249681,4848;-301279,4848
23/2/2016;557,23;32990084;1,6;277208,4384;-194625,4384
24/2/2016;557,31;33072667;2,2;187827,3792;-167160,3792
25/2/2016;557,33;33093334;16,6;284258,2464;-294593,2464
26/2/2016;557,32;33082999;6,2;246646,944;-298287,944
27/2/2016;557,27;33031358;18,8;691119,9936;-804540,9936
28/2/2016;557,16;32917937;25,2;649504,4832;-649504,4832
29/2/2016;557,16;32917937;18,4;1162808,352;-1028737,352
1/3/2016;557,29;33052008;1,2;517227,6384;-568836,6384
2/3/2016;557,24;33000399;2,8;270292,3776;-321847,3776
3/3/2016;557,19;32948844;13,2;373467,6288;-239312,6288
4/3/2016;557,32;33082999;0,4;368276,1984;-357941,1984
5/3/2016;557,33;33093334;28,2;465041,1744;-506367,1744
6/3/2016;557,29;33052008;11,8;677237,5872;-656578,5872
7/3/2016;557,31;33072667;0,8;300511,4688;-331496,4688
8/3/2016;557,28;33041682;15,4;239249,8944;-301160,8944
9/3/2016;557,22;32979771;21,0;417511,7568;-272931,7568
10/3/2016;557,36;33124351;2,0;361431,8496;-340742,8496
11/3/2016;557,38;33145040;19,0;459897,9552;-459897,9552
12/3/2016;557,38;33145040;1,6;367675,632;-409044,632
13/3/2016;557,34;33103671;3,4;288879,4368;-319883,4368
14/3/2016;557,31;33072667;2,0;313826,0544;-293159,0544
15/3/2016;557,33;33093334;0,0;284866,3296;-326192,3296
16/3/2016;557,29;33052008;4,4;272631,4848;-282957,4848
17/3/2016;557,28;33041682;15,2;396738,3456;-334749,3456
18/3/2016;557,34;33103671;0,0;265895,6544;-286567,6544
19/3/2016;557,32;33082999;0,2;313329,2544;-323661,2544
20/3/2016;557,31;33072667;2,4;280758,7872;-301417,7872
21/3/2016;557,29;33052008;2,6;301165,344;-290837,344
22/3/2016;557,3;33062336;4,8;343374,4224;-291700,4224
23/3/2016;557,35;33114010;3,0;309871,872;-351214,872
24/3/2016;557,31;33072667;0,0;250441,2864;-302072,2864
25/3/2016;557,26;33021036;0,0;226451,808;-205805,808
26/3/2016;557,28;33041682;0,0;206395,9488;-196069,9488
27/3/2016;557,29;33052008;2,4;194881,248;-153555,248
28/3/2016;557,33;33093334;3,8;267565,5072;-257228,5072
29/3/2016;557,34;33103671;0,0;126865,008;-209500,008
30/3/2016;557,26;33021036;0,0;131064,9984;-172329,9984
31/3/2016;557,22;32979771;0,0;215865,1296;-174600,1296
1/4/2016;557,26;33021036;0,0;214222,2336;-193576,2336
2/4/2016;557,28;33041682;0,0;194255,8848;-183929,8848
3/4/2016;557,29;33052008;0,0;175049,6832;-185375,6832
4/4/2016;557,28;33041682;0,0;162233,4528;-193198,4528
5/4/2016;557,25;33010717;0,0;139074,1056;-190640,1056
6/4/2016;557,2;32959151;0,0;135891,216;-177105,216
7/4/2016;557,16;32917937;0,2;136820,2752;-188288,2752
8/4/2016;557,11;32866469;8,8;149430,528;-190567,528
9/4/2016;557,07;32825332;0,0;114669,3024;-186575,3024
10/4/2016;557;32753426;0,0;105878,5344;-198173,5344
11/4/2016;556,91;32661131;0,0;93944,2752;-165609,2752
12/4/2016;556,84;32589466;0,0;81753,3216;-163528,3216
13/4/2016;556,76;32507691;0,0;92306,4768;-173943,4768
14/4/2016;556,68;32426054;0,0;71889,41376;-163568,4138
15/4/2016;556,59;32334375;0,0;65675,81952;-167336,8195
16/4/2016;556,49;32232714;0,0;78250,97664;-189831,9766
17/4/2016;556,38;32121133;0,0;55542,91392;-166865,9139
18/4/2016;556,27;32009810;0,0;50877,7632;-151856,7632
19/4/2016;556,17;31908831;0,6;63498,15936;-164263,1594
20/4/2016;556,07;31808066;0,2;43698,9168;-174376,9168
21/4/2016;555,94;31677388;0,0;53739,75456;-154016,7546
22/4/2016;555,84;31577111;0,0;55519,6464;-185563,6464
23/4/2016;555,71;31447067;0,4;50116,48416;-139936,4842
24/4/2016;555,62;31357247;27,8;99040,2336;-89068,2336
25/4/2016;555,63;31367219;14,8;235779,3792;-215830,3792
26/4/2016;555,65;31387168;0,0;128777,904;-178635,904
27/4/2016;555,6;31337310;0,0;84112,62912;-153824,6291
28/4/2016;555,53;31267598;6,2;102279,5424;-161949,5424
29/4/2016;555,47;31207928;0,0;90072,5184;-169515,5184
30/4/2016;555,39;31128485;7,6;87670,512;-117426,512
1/5/2016;555,36;31098729;5,8;275020,8768;-46404,8768
2/5/2016;555,59;31327345;58,0;1497450,24;-61103,24
3/5/2016;557,01;32763692;3,4;704568,7584;-333566,7584
4/5/2016;557,37;33134694;0,6;274561,6608;-315921,6608
5/5/2016;557,33;33093334;0,0;166600,4544;-187267,4544
6/5/2016;557,31;33072667;0,2;161946;-192931
7/5/2016;557,28;33041682;0,0;165053,376;-206336,376
8/5/2016;557,24;33000399;4,0;141934,8096;-172873,8096
9/5/2016;557,21;32969460;0,0;121617,072;-173140,072
10/5/2016;557,16;32917937;0,2;120560,832;-202884,832
11/5/2016;557,08;32835613;0,4;106550,5536;-137386,5536
12/5/2016;557,05;32804777;13,6;197329,9104;-197329,9104
13/5/2016;557,05;32804777;6,0;155520,6048;-155520,6048
14/5/2016;557,05;32804777;3,4;237465,4752;-206629,4752
15/5/2016;557,08;32835613;8,0;253481,5296;-140250,5296
16/5/2016;557,19;32948844;2,8;285248,3904;-213056,3904
17/5/2016;557,26;33021036;0,2;191958,8544;-202277,8544
18/5/2016;557,25;33010717;0,2;148763,0016;-200329,0016
19/5/2016;557,2;32959151;18,0;170507,808;-139574,808
20/5/2016;557,23;32990084;6,6;237977,136;-196703,136
21/5/2016;557,27;33031358;0,2;185110,272;-216069,272
22/5/2016;557,24;33000399;0,2;137701,3824;-178949,3824
23/5/2016;557,2;32959151;8,4;128858,7744;-180370,7744
24/5/2016;557,15;32907639;3,4;132972,3648;-215279,3648
25/5/2016;557,07;32825332;0,0;93556,512;-185987,512
26/5/2016;556,98;32732901;0,0;87499,1808;-210469,1808
27/5/2016;556,86;32609931;0,0;73070,19936;-195732,1994
28/5/2016;556,74;32487269;0,0;68831,24256;-201367,2426
29/5/2016;556,61;32354733;10,4;127661,4432;-148019,4432
30/5/2016;556,59;32334375;0,0;84168,64224;-195983,6422
31/5/2016;556,48;32222560;0,2;71218,68192;-172645,6819
1/6/2016;556,38;32121133;0,4;65550,76416;-146538,7642
2/6/2016;556,3;32040145;5,4;76626,216;-167574,216
3/6/2016;556,21;31949197;0,0;49163,544;-160087,544
4/6/2016;556,1;31838273;0,0;36465,0768;-147132,0768
5/6/2016;555,99;31727606;1,8;62699,97888;-163082,9789
6/6/2016;555,89;31627223;5,2;79946,66304;-160100,663
7/6/2016;555,81;31547069;0,2;56834,08416;-146845,0842
8/6/2016;555,72;31457058;3,2;80769,95136;-150659,9514
9/6/2016;555,65;31387168;10,0;78109,19424;-147895,1942
10/6/2016;555,58;31317382;0,4;67692,74976;-127426,7498
11/6/2016;555,52;31257648;3,4;84603,99456;-193918,9946
12/6/2016;555,41;31148333;16,2;192879,1008;-33791,1008
13/6/2016;555,57;31307421;2,6;269296,6176;-249372,6176
14/6/2016;555,59;31327345;1,4;120394,944;-180141,944
15/6/2016;555,53;31267598;0,0;101132,1504;-170740,1504
16/6/2016;555,46;31197990;0,0;77212,36224;-176473,3622
17/6/2016;555,36;31098729;5,2;56846,09376;-155897,0938
18/6/2016;555,26;30999678;0,0;52493,97888;-190809,9789
19/6/2016;555,12;30861362;1,6;43719,01344;-152107,0134
20/6/2016;555,01;30752974;2,6;58799,68416;-147291,6842
21/6/2016;554,92;30664482;0,0;26895,9312;-154417,9312
22/6/2016;554,79;30536960;0,0;40326,58656;-187026,5866
23/6/2016;554,64;30390260;0,0;53952,048;-200181,048
24/6/2016;554,49;30244031;0,2;14218,23456;-169678,2346
25/6/2016;554,33;30088571;0,6;37139,66208;-182398,6621
26/6/2016;554,18;29943312;0,0;25323,64128;-170113,6413
27/6/2016;554,03;29798522;0,0;22171,38912;-176099,3891
28/6/2016;553,87;29644594;0,0;26242,66944;-189209,6694
29/6/2016;553,7;29481627;0,0;16975,85472;-160272,8547
30/6/2016;553,55;29338330;0,0;18180,4608;-161012,4608
1/7/2016;553,4;29195498;0,4;-6087,979008;-174167,021
2/7/2016;553,21;29015243;0,0;10856,71296;-180938,713
3/7/2016;553,03;28845161;0,0;7861,86;-186670,86
4/7/2016;552,84;28666352;0,0;6517,461312;-175232,4613
5/7/2016;552,66;28497637;0,0;11123,41248;-179175,4125
6/7/2016;552,48;28329585;24,4;28061,09568;-195452,0957
7/7/2016;552,3;28162194;0,2;-6288,84864;-141949,1514
8/7/2016;552,14;28013956;0,0;10579,70592;-185936,7059
9/7/2016;551,95;27838599;0,0;1324,551744;-185119,5517
10/7/2016;551,75;27654804;0,0;11441,36448;-176164,3645
11/7/2016;551,57;27490081;0,0;6009,463872;-188267,4639
12/7/2016;551,37;27307823;0,0;-556,46784;-180895,5322
13/7/2016;551,17;27126371;0,0;645,866784;-181293,8668
14/7/2016;550,97;26945723;0,0;-5876,583264;-111114,4167
15/7/2016;550,84;26828732;56,0;169528,896;-196478,896
16/7/2016;550,81;26801782;0,0;16658,62848;-160086,6285
17/7/2016;550,65;26658354;0,0;1711,3032;-153543,3032
18/7/2016;550,48;26506522;0,0;17750,12832;-186762,1283
19/7/2016;550,29;26337510;0,0;1310,915232;-160765,9152
20/7/2016;550,11;26178055;0,0;1817,81712;-151823,8171
21/7/2016;549,94;26028049;0,0;1760,2488;-177504,2488
22/7/2016;549,74;25852305;0,0;27388,03968;-167414,0397
23/7/2016;549,58;25712279;0,4;-543,8579328;-156381,1421
24/7/2016;549,4;25555354;1,4;3657,996288;-125269,9963
25/7/2016;549,26;25433742;0,4;9123,60672;-173552,6067
26/7/2016;549,07;25269313;0,2;1692,797184;-148213,7972
27/7/2016;548,9;25122792;6,6;27933,56928;-156746,5693
28/7/2016;548,75;24993979;0,2;4507,784352;-149964,7844
29/7/2016;548,58;24848522;0,0;15069,07584;-176972,0758
30/7/2016;548,39;24686619;0,0;-5992,277184;-146742,7228
31/7/2016;548,21;24533884;0,0;6675,349536;-167212,3495
1/8/2016;548,02;24373347;0,0;2290,12704;-162129,127
2/8/2016;547,83;24213508;0,0;-5125,024224;-145656,9758
3/8/2016;547,65;24062726;0,0;7198,144704;-174002,1447
4/8/2016;547,45;23895922;0,0;420,6231936;-166455,6232
5/8/2016;547,25;23729887;2,2;1841,357664;-167109,3577
6/8/2016;547,05;23564619;0,2;2061,211104;-158356,2111
7/8/2016;546,86;23408324;0,0;-3761,62704;-143672,373
8/8/2016;546,68;23260890;0,0;-696,3746688;-170529,6253
9/8/2016;546,47;23089664;0,0;7904,755008;-162100,755
10/8/2016;546,28;22935468;0,0;-358,6339584;-169274,366
11/8/2016;546,07;22765835;1,4;-1660,371264;-143074,6287
12/8/2016;545,89;22621100;0,0;-3710,74608;-172358,2539
13/8/2016;545,67;22445031;0,0;762,440256;-160035,4403
14/8/2016;545,47;22285758;0,0;3654,281952;-170083,282
15/8/2016;545,26;22119329;0,0;2924,38944;-160660,3894
16/8/2016;545,06;21961593;0,0;-1174,857696;-179299,1423
17/8/2016;544,83;21781119;0,0;-8822,97792;-170666,0221
18/8/2016;544,6;21601630;0,0;4225,287456;-174991,2875
19/8/2016;544,38;21430864;0,0;2645,797824;-180216,7978
20/8/2016;544,15;21253293;0,0;-3130,555392;-173464,4446
21/8/2016;543,92;21076698;0,0;-4465,874304;-155923,1257
22/8/2016;543,71;20916309;1,0;4226,607648;-171384,6076
23/8/2016;543,49;20749151;0,0;-12660,94368;-153612,0563
24/8/2016;543,27;20582878;0,0;3749,70816;-176635,7082
25/8/2016;543,04;20409992;0,0;-288,9949536;-179088,005
26/8/2016;542,8;20230615;0,0;-4532,710752;-166389,2892
27/8/2016;542,57;20059693;0,0;2708,79552;-172674,7955
28/8/2016;542,34;19889727;0,0;1413,811584;-177752,8116
29/8/2016;542,1;19713388;0,0;-6213,151872;-161805,8481
30/8/2016;541,87;19545369;0,0;-5128,95888;-154699,0411
31/8/2016;541,65;19385541;1,6;-6778,181088;-166592,8189
1/9/2016;541,41;19212170;0,0;16543,17216;-188888,1722
2/9/2016;541,17;19039825;0,0;-12407,70528;-151796,2947
3/9/2016;540,94;18875621;0,0;-833,1049152;-169510,8951
4/9/2016;540,7;18705277;0,0;4167,870336;-159424,8703
5/9/2016;540,48;18550020;0,0;-7760,039328;-153642,9607
6/9/2016;540,25;18388617;16,6;10764,41184;-129465,4118
7/9/2016;540,08;18269916;21,0;28166,40864;-167167,4086
8/9/2016;539,88;18130915;0,2;6597,302688;-165584,3027
9/9/2016;539,65;17971928;0,0;-6373,851552;-144840,1484
10/9/2016;539,43;17820714;0,2;512,0689536;-164515,069
11/9/2016;539,19;17656711;0,6;8606,2608;-158067,2608
12/9/2016;538,97;17507250;0,2;-5709,763872;-149652,2361
13/9/2016;538,74;17351888;1,4;-1654,88832;-132702,1117
14/9/2016;538,54;17217531;2,0;11052,79776;-171377,7978
15/9/2016;538,3;17057206;10,0;5693,97168;-138544,9717
16/9/2016;538,1;16924355;60,2;220488,048;-127564,048
17/9/2016;538,24;17017279;1,4;50866,41888;-196740,4189
18/9/2016;538,02;16871405;2,2;16184,56896;-154659,569
19/9/2016;537,81;16732930;0,8;4414,496544;-148679,4965
20/9/2016;537,59;16588665;0,0;10724,55552;-167171,5555
21/9/2016;537,35;16432218;12,0;11978,496;-128675,496
22/9/2016;537,17;16315521;0,0;19152,57312;-167472,5731
23/9/2016;536,94;16167201;0,2;5850,914688;-146891,9147
24/9/2016;536,72;16026160;0,0;4422,936096;-157361,9361
25/9/2016;536,48;15873221;0,2;2722,133952;-154702,134
26/9/2016;536,24;15721241;0,0;452,2195008;-145201,2195
27/9/2016;536,01;15576492;0,2;-2072,44224;-148036,5578
28/9/2016;535,77;15426383;0,0;-2536,273728;-146621,7263
29/9/2016;535,53;15277225;0,0;3163,525632;-157529,5256
30/9/2016;535,28;15122859;0,0;5981,730336;-159322,7303
1/10/2016;535,03;14969518;9,4;3123,641664;-118979,6417
2/10/2016;534,84;14853662;13,0;76530,03552;-167580,0355
3/10/2016;534,69;14762612;2,0;8031,102912;-140910,1029
4/10/2016;534,47;14629733;0,2;16479,46944;-166527,4694
5/10/2016;534,22;14479685;0,2;-947,290464;-142147,7095
6/10/2016;533,98;14336590;1,0;4392,84384;-134749,8438
7/10/2016;533,76;14206233;5,8;16060,1184;-157383,1184
8/10/2016;533,52;14064910;9,4;25265,78784;-130652,7878
9/10/2016;533,34;13959523;5,8;33228,81792;-138099,8179
10/10/2016;533,16;13854652;6,2;61400,71296;-142610,713
11/10/2016;533,02;13773442;7,0;48342,53664;-146536,5366
12/10/2016;532,85;13675248;0,2;36804,03264;-146009,0326
13/10/2016;532,66;13566043;3,0;21583,56672;-147319,5667
14/10/2016;532,44;13440307;42,4;229696,7328;51396,2672
15/10/2016;532,93;13721400;0,2;331745,8464;-331745,8464
16/10/2016;532,93;13721400;0,2;74722,45248;-155422,4525
17/10/2016;532,79;13640700;0,2;37792,55232;-146817,5523
18/10/2016;532,6;13531675;0,4;27777,79872;-153305,7987
19/10/2016;532,38;13406147;0,8;27979,42176;-152746,4218
20/10/2016;532,16;13281380;0,6;16378,31232;-123521,3123
21/10/2016;531,97;13174237;14,0;102176,64;-147120,64
22/10/2016;531,89;13129293;0,2;51096,8304;-146271,8304
23/10/2016;531,72;13034118;0,0;39943,29888;-151337,2989
24/10/2016;531,52;12922724;0,6;24310,83456;-140606,8346
25/10/2016;531,31;12806428;0,2;32865,14304;-153966,143
26/10/2016;531,09;12685327;18,6;25248,9744;13202,0256
27/10/2016;531,16;12723778;2,4;331631,9712;-254502,9712
28/10/2016;531,3;12800907;0,0;97551,0432;-152674,0432
29/10/2016;531,2;12745784;0,2;65972,59488;-137402,5949
30/10/2016;531,07;12674354;0,0;42638,1408;-124733,1408
31/10/2016;530,92;12592259;0,0;39775,86432;-126961,8643
1/11/2016;530,76;12505073;0,2;30415,25376;-133439,2538
2/11/2016;530,57;12402049;1,4;26708,73696;-118418,737
3/11/2016;530,4;12310339;1,0;22768,81056;-114038,8106
4/11/2016;530,23;12219069;0,0;30746,62368;-132232,6237
5/11/2016;530,04;12117583;25,6;175591,8432;359253,1568
6/11/2016;531,03;12652428;70,8;1899374,4;-262705,4
7/11/2016;533,9;14289097;0,0;656045,6544;-369543,6544
8/11/2016;534,38;14575599;0,0;218238,9696;-176145,9696
9/11/2016;534,45;14617692;3,6;129671,0208;-111608,0208
10/11/2016;534,48;14635755;0,2;123675,552;-123675,552
11/11/2016;534,48;14635755;40,8;767885,616;229387,384
12/11/2016;536,1;15633028;15,6;952806,24;-360701,24
13/11/2016;537,03;16225133;0,0;380397,5136;-173312,5136
14/11/2016;537,35;16432218;1,6;276772,2048;-139935,2048
15/11/2016;537,56;16569055;0,0;238794,48;-140596,48
16/11/2016;537,71;16667253;0,0;173564,8128;-121036,8128
17/11/2016;537,79;16719781;0,0;145949,2128;-119644,2128
18/11/2016;537,83;16746086;16,6;353328,3936;165063,6064
19/11/2016;538,61;17264478;28,4;1689019,776;-177367,776
20/11/2016;540,8;18776130;0,8;652620,0672;-259762,0672
21/11/2016;541,35;19168988;1,2;387974,7072;-156927,7072
22/11/2016;541,67;19400035;0,0;280723,6224;-135389,6224
23/11/2016;541,87;19545369;0,6;211410,0864;-123866,0864
24/11/2016;541,99;19632913;0,2;174742,5312;-123556,5312
25/11/2016;542,06;19684099;5,4;164002,2336;-105395,2336
26/11/2016;542,14;19742706;0,2;145570,6944;-130900,6944
27/11/2016;542,16;19757376;0,2;112447,008;-112447,008
28/11/2016;542,16;19757376;4,4;110307,744;-117643,744
29/11/2016;542,15;19750040;0,0;99546,7104;-106880,7104
30/11/2016;542,14;19742706;0,0;94178,4192;-108840,4192
1/12/2016;542,12;19728044;0,0;86011,46784;-107992,4678
2/12/2016;542,09;19706063;0,0;85007,25792;-136231,2579
3/12/2016;542,02;19654839;0,0;70740,9504;-114577,9504
4/12/2016;541,96;19611002;0,0;80119,0656;-123891,0656
5/12/2016;541,9;19567230;0,0;56359,29888;-114621,2989
6/12/2016;541,82;19508968;0,2;64119,0816;-129527,0816
7/12/2016;541,73;19443560;0,0;52127,31456;-124633,3146
8/12/2016;541,63;19371054;0,0;47744,2944;-112846,2944
9/12/2016;541,54;19305952;0,0;55501,39872;-134874,3987
10/12/2016;541,43;19226579;0,0;47645,22816;-133989,2282
11/12/2016;541,31;19140235;0,0;46062,19872;-117819,1987
12/12/2016;541,21;19068478;0,2;43657,56576;-129530,5658
13/12/2016;541,09;18982605;0,0;35009,85888;-163341,8589
14/12/2016;540,91;18854273;0,0;40381,848;-132709,848
15/12/2016;540,78;18761945;0,0;32481,01728;-131577,0173
16/12/2016;540,64;18662849;0,2;27984,45024;-126734,4502
17/12/2016;540,5;18564099;0,0;38220,56928;-164677,5693
18/12/2016;540,32;18437642;0,0;28428,05376;-119405,0538
19/12/2016;540,19;18346665;0,6;25976,88576;-137541,8858
20/12/2016;540,03;18235100;3,4;38363,13792;-121742,1379
21/12/2016;539,91;18151721;2,0;31835,9376;-156433,9376
22/12/2016;539,73;18027123;0,2;32487,29856;-129006,2986
23/12/2016;539,59;17930604;0,0;36784,17792;-153528,1779
24/12/2016;539,42;17813860;0,0;21967,4592;-138209,4592
25/12/2016;539,25;17697618;0,0;26808,22656;-115361,2266
26/12/2016;539,12;17609065;0,0;26601,7392;-128416,7392
27/12/2016;538,97;17507250;0,0;14344,36128;-129264,3613
28/12/2016;538,8;17392330;0,0;29971,07136;-124238,0714
29/12/2016;538,66;17298063;0,0;23064,1344;-150460,1344
30/12/2016;538,47;17170667;0,0;18822,81024;-138942,8102
31/12/2016;538,29;17050547;0,0;12505,82976;-118813,8298
1/1/2017;538,13;16944239;0,0;25729,42752;-144805,4275
2/1/2017;537,95;16825163;6,6;36638,9568;-95968,9568
3/1/2017;537,86;16765833;17,8;269584,0704;-130931,0704
4/1/2017;538,07;16904486;0,0;156003,0624;-169241,0624
5/1/2017;538,05;16891248;0,0;83267,23968;-129544,2397
6/1/2017;537,98;16844971;3,2;65650,0464;-138203,0464
7/1/2017;537,87;16772418;0,0;45886,29696;-144491,297
8/1/2017;537,72;16673813;0,0;57002,64192;-142150,6419
9/1/2017;537,59;16588665;0,0;41775,16032;-126638,1603
10/1/2017;537,46;16503802;0,0;36610,69536;-127682,6954
11/1/2017;537,32;16412730;0,0;41679,6624;-132419,6624
12/1/2017;537,18;16321990;0,0;44961,77376;-116026,7738
13/1/2017;537,07;16250925;19,2;99563,9904;-99563,9904
14/1/2017;537,07;16250925;0,0;93449,2896;-132126,2896
15/1/2017;537,01;16212248;6,4;73165,94784;-111782,9478
16/1/2017;536,95;16173631;13,4;71002,43136;-103136,4314
17/1/2017;536,9;16141497;32,4;78072,56064;-103749,5606
18/1/2017;536,86;16115820;1,4;61163,53632;-99629,53632
19/1/2017;536,8;16077354;0,0;57037,48704;-101837,487
20/1/2017;536,73;16032554;0,0;44340,27264;-82676,27264
21/1/2017;536,67;15994218;0,0;55732,5792;-106751,5792
22/1/2017;536,59;15943199;0,0;42203,73888;-86758,73888
23/1/2017;536,52;15898644;1,6;65150,58528;-90573,58528
24/1/2017;536,48;15873221;0,0;55747,05984;-100174,0598
25/1/2017;536,41;15828794;0,0;69487,60608;-94837,60608
26/1/2017;536,37;15803444;0,0;84344,43168;-109667,4317
27/1/2017;536,33;15778121;0,0;65014,60896;-90311,60896
28/1/2017;536,29;15752824;0,0;80831,32128;-93469,32128
29/1/2017;536,27;15740186;0,0;77840,9568;-90472,9568
30/1/2017;536,25;15727554;0,8;102800,6208;-64885,6208
31/1/2017;536,31;15765469;2,0;415982,3904;153480,6096
1/2/2017;537,2;16334932;0,2;843760,6272;-187997,6272
2/2/2017;538,2;16990695;11,6;787446,8352;228270,1648
3/2/2017;539,7;18006412;10,6;1275243,264;-4591,264
4/2/2017;541,5;19277064;12,8;1528344,288;-365418,288
5/2/2017;543,08;20439990;28,0;1714779,072;338189,928
6/2/2017;545,73;22492959;28,0;2031511,968;-243746,968
7/2/2017;547,91;24280724;1,8;1359869,472;-474765,472
8/2/2017;548,95;25165828;0,0;600586,9632;-184950,9632
9/2/2017;549,43;25581464;5,2;406047,8592;-143972,8592
10/2/2017;549,73;25843539;0,6;302191,9488;-135291,9488
11/2/2017;549,92;26010439;0,4;266205,312;-116267,312
12/2/2017;550,09;26160377;0,0;238857,8976;-106082,8976
13/2/2017;550,24;26293152;0,2;213316,5024;-106774,5024
14/2/2017;550,36;26399694;0,0;205847,9136;-134660,9136
15/2/2017;550,44;26470881;0,0;165322,944;-111848,944
16/2/2017;550,5;26524355;0,0;149038,9632;-140119,9632
17/2/2017;550,51;26533274;0,6;118805,184;-65247,184
18/2/2017;550,57;26586832;3,0;187593,84;-151848,84
19/2/2017;550,61;26622577;0,0;129137,1552;-102307,1552
20/2/2017;550,64;26649407;0,0;117597,3984;-117597,3984
21/2/2017;550,64;26649407;0,0;109207,872;-109207,872
22/2/2017;550,64;26649407;0,0;107510,112;-107510,112
23/2/2017;550,64;26649407;0,0;97096,8384;-97096,8384
24/2/2017;550,64;26649407;49,4;675447,7248;578264,2752
25/2/2017;552,02;27903119;13,6;1496234,592;-638983,592
26/2/2017;552,94;28760370;0,0;573486,48;-214346,48
27/2/2017;553,32;29119510;0,0;342966,3552;-152750,3552
28/2/2017;553,52;29309726;9,6;286124,832;-95081,832
1/3/2017;553,72;29500769;5,8;356300,64;-164430,64
2/3/2017;553,92;29692639;0,0;330069,7728;-166326,7728
3/3/2017;554,09;29856382;0,2;254714,3712;-158115,3712
4/3/2017;554,19;29952981;21,6;437192,208;19619,792
5/3/2017;554,66;30409793;11,2;646868,9376;171147,0624
6/3/2017;555,49;31227809;28,0;1492509,024;-222839,024
7/3/2017;556,75;32497479;1,2;1281260,16;-592296,16
8/3/2017;557,42;33186443;0,0;436248,6336;-539692,6336
9/3/2017;557,32;33082999;0,0;274962,6432;-295625,6432
10/3/2017;557,3;33062336;0,0;280985,9328;-301639,9328
11/3/2017;557,28;33041682;0,0;250092,8352;-322314,8352
12/3/2017;557,21;32969460;0,0;201158,5536;-190847,5536
13/3/2017;557,22;32979771;0,0;180370,368;-200990,368
14/3/2017;557,2;32959151;0,0;156628,512;-187541,512
15/3/2017;557,17;32928238;0,0;141923,232;-183111,232
16/3/2017;557,13;32887050;0,0;136105,1424;-197823,1424
17/3/2017;557,07;32825332;0,0;117574,9344;-199743,9344
18/3/2017;556,99;32743163;0,0;102230,8128;-184262,8128
19/3/2017;556,91;32661131;0,0;118806,6528;-190471,6528
20/3/2017;556,84;32589466;0,0;105874,4736;-187649,4736
21/3/2017;556,76;32507691;0,0;114309,1008;-195946,1008
22/3/2017;556,68;32426054;0,0;93097,1232;-184776,1232
23/3/2017;556,59;32334375;0,0;91035,9648;-192696,9648
24/3/2017;556,49;32232714;0,0;91566,4608;-203147,4608
25/3/2017;556,38;32121133;3,6;88709,04;-149463,04
26/3/2017;556,32;32060379;7,2;104405,0688;-185290,0688
27/3/2017;556,24;31979494;0,0;80704,78848;-181619,7885
28/3/2017;556,14;31878579;0,0;74453,20416;-185213,2042
29/3/2017;556,03;31767819;0,0;67779,38304;-168247,383
30/3/2017;555,93;31667351;0,0;45652,30848;-175944,3085
31/3/2017;555,8;31537059;0,0;61806,39552;-181757,3955
1/4/2017;555,68;31417108;0,0;59291,33472;-188893,3347
2/4/2017;555,55;31287506;0,0;64350,81504;-173735,815
3/4/2017;555,44;31178121;0,0;55056,20544;-184000,2054
4/4/2017;555,31;31049177;0,0;42253,39296;-170840,393
5/4/2017;555,18;30920590;0,0;51866,24832;-180098,2483
6/4/2017;555,05;30792358;1,2;54824,89536;-172876,8954
7/4/2017;554,93;30674306;0,0;44985,87072;-182331,8707
8/4/2017;554,79;30536960;0,2;51797,6208;-188731,6208
9/4/2017;554,65;30400026;0,0;42332,03424;-169119,0342
10/4/2017;554,52;30273239;0,0;42199,272;-188052,272
11/4/2017;554,37;30127386;0,0;36648,09792;-172354,0979
12/4/2017;554,23;29991680;0,0;38802,78432;-164450,7843
13/4/2017;554,1;29866032;0,0;34946,48448;-169865,4845
14/4/2017;553,96;29731113;0,0;30001,0608;-183697,0608
15/4/2017;553,8;29577417;0,0;40703,8608;-155626,8608
16/4/2017;553,68;29462494;12,0;43715,2032;-148800,2032
17/4/2017;553,57;29357409;0,4;68519,6496;-173353,6496
18/4/2017;553,46;29252575;17,4;63989,136;-159076,136
19/4/2017;553,36;29157488;0,0;74474,96832;-169355,9683
20/4/2017;553,26;29062607;0,0;51318,0576;-164904,0576
21/4/2017;553,14;28949021;0,0;40493,81376;-163210,8138
22/4/2017;553,01;28826304;0,0;36412,61472;-168180,6147
23/4/2017;552,87;28694536;0,0;38035,872;-169401,872
24/4/2017;552,73;28563170;0,0;35274,81312;-175578,8131
25/4/2017;552,58;28422866;0,0;19139,69952;-149675,6995
26/4/2017;552,44;28292330;0,0;41460,768;-162314,768
27/4/2017;552,31;28171476;39,2;137699,6544;104352,3456
28/4/2017;552,57;28413528;5,8;559924,704;-363412,704
29/4/2017;552,78;28610040;2,0;190100,4768;-190100,4768
30/4/2017;552,78;28610040;0,0;108459,3888;-164697,3888
1/5/2017;552,72;28553802;7,0;115386,2496;-152837,2496
2/5/2017;552,68;28516351;0,0;91394,4384;-128813,4384
3/5/2017;552,64;28478932;0,0;79557,768;-116943,768
4/5/2017;552,6;28441546;21,2;123485,472;-48680,472
5/5/2017;552,68;28516351;0,2;242920,512;-167985,512
6/5/2017;552,76;28591286;11,0;159498,4608;-84432,4608
7/5/2017;552,84;28666352;0,2;199731,312;-115124,312
8/5/2017;552,93;28750959;12,8;355342,6368;-34216,6368
9/5/2017;553,27;29072085;10,4;466443,792;-152484,792
10/5/2017;553,6;29386044;0,2;310898,6496;-148283,6496
11/5/2017;553,77;29548659;0,0;184231,584;-136290,584
12/5/2017;553,82;29596600;2,2;164157,84;-135367,84
13/5/2017;553,85;29625390;0,0;118073,376;-127672,376
14/5/2017;553,84;29615791;0,0;83681,30304;-122055,303
15/5/2017;553,8;29577417;6,0;98349,4656;-136690,4656
16/5/2017;553,76;29539076;0,0;81973,80576;-139422,8058
17/5/2017;553,7;29481627;0,2;70553,14272;-147036,1427
18/5/2017;553,62;29405144;0,0;60172,21728;-136523,2173
19/5/2017;553,54;29328793;0,0;54755,8272;-140491,8272
20/5/2017;553,45;29243057;0,6;54172,4976;-139741,4976
21/5/2017;553,36;29157488;1,8;55705,12992;-131627,1299
22/5/2017;553,28;29081566;0,0;45265,97088;-139981,9709
23/5/2017;553,18;28986850;0,4;40262,02848;-144212,0285
24/5/2017;553,07;28882900;0,0;35769,9888;-139471,9888
25/5/2017;552,96;28779198;0,0;34890,03072;-147736,0307
26/5/2017;552,84;28666352;0,0;36238,00032;-139420,0003
27/5/2017;552,73;28563170;0,0;32623,33536;-154247,3354
28/5/2017;552,6;28441546;0,0;16087,8528;-128048,8528
29/5/2017;552,48;28329585;0,0;29774,6928;-141442,6928
30/5/2017;552,36;28217917;0,0;30155,30208;-169326,3021
31/5/2017;552,21;28078746;0,0;24681,01536;-163395,0154
1/6/2017;552,06;27940032;0,0;15571,19808;-172228,1981
2/6/2017;551,89;27783375;0,0;17188,13088;-173258,1309
3/6/2017;551,72;27627305;0,0;18113,57856;-182727,5786
4/6/2017;551,54;27462691;0,0;30405,82752;-194365,8275
5/6/2017;551,36;27298731;0,0;12229,88544;-148363,8854
6/6/2017;551,21;27162597;0,8;10976,23872;-155687,2387
7/6/2017;551,05;27017886;0,0;16614,47808;-169807,4781
8/6/2017;550,88;26864693;0,0;16386,90048;-160038,9005
9/6/2017;550,72;26721041;0,0;23661,18432;-166801,1843
10/6/2017;550,56;26577901;0,0;5955,06384;-157482,0638
11/6/2017;550,39;26426374;0,0;7849,243872;-158800,2439
12/6/2017;550,22;26275423;0,0;14910,51456;-174115,5146
13/6/2017;550,04;26116218;0,0;13350,76128;-171911,7613
14/6/2017;549,86;25957657;0,0;8831,61792;-166752,6179
15/6/2017;549,68;25799736;1,2;9754,37856;-149590,3786
16/6/2017;549,52;25659900;0,2;14952,88512;-162975,8851
17/6/2017;549,35;25511877;0,0;6564,665088;-171329,6651
18/6/2017;549,16;25347112;0,0;8810,90784;-138387,9078
19/6/2017;549,01;25217535;0,0;-6441,990912;-139879,0091
20/6/2017;548,84;25071214;0,0;21101,45472;-183967,4547
21/6/2017;548,65;24908348;0,0;649,95912;-154294,9591
22/6/2017;548,47;24754703;0,0;9306,42912;-162320,4291
23/6/2017;548,29;24601689;0,0;1418,050368;-179140,0504
24/6/2017;548,08;24423967;0,0;-5595,788448;-154463,2116
25/6/2017;547,89;24263908;0,0;15768,648;-183497,648
26/6/2017;547,69;24096179;0,0;4768,606944;-155065,6069
27/6/2017;547,51;23945882;1,2;5369,666688;-171634,6667
28/6/2017;547,31;23779617;4,2;8495,715456;-149217,7155
29/6/2017;547,14;23638895;5,2;5703,672672;-162325,6727
30/6/2017;546,95;23482273;1,8;-1342,47888;-130015,5211
1/7/2017;546,79;23350915;0,0;-7956,063648;-155553,9364
2/7/2017;546,59;23187405;0,0;13925,4336;-144185,4336
3/7/2017;546,43;23057145;0,0;5900,015808;-159953,0158
4/7/2017;546,24;22903092;0,0;-11886,92928;-157586,0707
5/7/2017;546,03;22733619;0,0;4127,274432;-140709,2744
6/7/2017;545,86;22597037;0,0;15176,45376;-199097,4538
7/7/2017;545,63;22413116;0,0;-12008,75328;-139175,2467
8/7/2017;545,44;22261932;0,0;-4675,28112;-161635,7189
9/7/2017;545,23;22095621;0,0;-9815,688;-132079,312
10/7/2017;545,05;21953726;0,0;11811,13056;-184418,1306
11/7/2017;544,83;21781119;0,0;4181,523264;-160314,5233
12/7/2017;544,63;21624986;0,0;-56,06170272;-155334,9383
13/7/2017;544,43;21469595;0,2;-11697,45408;-158376,5459
14/7/2017;544,21;21299521;0,2;2241,805248;-140727,8052
15/7/2017;544,03;21161035;0,0;-10613,21184;-142560,7882
16/7/2017;543,83;21007861;0,0;13641,36768;-166080,3677
17/7/2017;543,63;20855422;0,0;-8731,70496;-135406,295
18/7/2017;543,44;20711284;0,0;1816,134048;-167888,134
19/7/2017;543,22;20545212;0,0;-565,5529728;-157133,447
20/7/2017;543,01;20387513;0,0;4553,226432;-168902,2264
21/7/2017;542,79;20223164;0,0;-22668,9408;-133391,0592
22/7/2017;542,58;20067104;0,0;9309,85056;-171944,8506
23/7/2017;542,36;19904469;0,0;-19783,656;-156641,344
24/7/2017;542,12;19728044;0,0;9289,89216;-155519,8922
25/7/2017;541,92;19581814;0,4;265,0584384;-153034,0584
26/7/2017;541,71;19429045;0,2;323,4105792;-145085,4106
27/7/2017;541,51;19284283;0,0;4396,849344;-155627,8493
28/7/2017;541,3;19133052;0,0;-10088,31456;-154646,6854
29/7/2017;541,07;18968317;0,0;-485,8567488;-149104,1433
30/7/2017;540,86;18818727;0,0;-4907,89152;-143903,1085
31/7/2017;540,65;18669916;0,0;2060,5104;-157122,5104
1/8/2017;540,43;18514854;0,0;580,0847616;-168769,0848
2/8/2017;540,19;18346665;0,0;185,3959968;-181250,396
3/8/2017;539,93;18165600;0,0;1166,185728;-167255,1857
4/8/2017;539,69;17999511;0,0;-16898,38848;-155043,6115
5/8/2017;539,44;17827569;0,0;-23101,29504;-168186,705
6/8/2017;539,16;17636281;0,0;10851,26112;-173733,2611
7/8/2017;538,92;17473399;0,0;-11698,36992;-163637,6301
8/8/2017;538,66;17298063;0,2;3438,968832;-150892,9688
9/8/2017;538,44;17150609;0,0;-7761,900384;-172072,0996
10/8/2017;538,17;16970775;16,2;15129,70272;-167340,7027
11/8/2017;537,94;16818564;0,0;-8298,060768;-149570,9392
12/8/2017;537,7;16660695;1,0;-613,9335168;-162795,0665
13/8/2017;537,45;16497286;0,0;-5632,158528;-130815,8415
14/8/2017;537,24;16360838;0,0;1219,459104;-156250,4591
15/8/2017;537;16205807;0,0;-11238,27264;-149223,7274
16/8/2017;536,75;16045345;0,0;14057,00352;-167117,0035
17/8/2017;536,51;15892285;0,0;-16781,74848;-160574,2515
18/8/2017;536,23;15714929;0,0;2134,934496;-171922,9345
19/8/2017;535,96;15545141;0,0;-12293,63136;-137617,3686
20/8/2017;535,72;15395230;0,8;-31,04806464;-130360,9519
21/8/2017;535,51;15264838;0,0;-11746,11456;-148686,8854
22/8/2017;535,25;15104405;0,0;-1294,919136;-151924,0809
23/8/2017;535;14951186;0,0;6797,09664;-171127,0966
24/8/2017;534,73;14786856;0,0;-3058,881408;-154064,1186
25/8/2017;534,47;14629733;0,0;-11886,64416;-144141,3558
26/8/2017;534,21;14473705;0,0;-1373,413536;-159501,5865
27/8/2017;533,94;14312830;0,0;-9210,456;-144596,544
28/8/2017;533,68;14159023;0,0;-3657,03984;-154920,9602
29/8/2017;533,41;14000445;0,0;-3262,80096;-148341,199
30/8/2017;533,15;13848841;0,0;-9253,88928;-129735,1107
31/8/2017;532,91;13709852;0,0;5134,599072;-154675,5991
1/9/2017;532,65;13560311;7,8;-8063,572896;-123333,4271
2/9/2017;532,42;13428914;4,2;6207,84;-159394,84
3/9/2017;532,15;13275727;0,6;-9871,95168;-114103,0483
4/9/2017;531,93;13151752;0,0;-8887,752;-119913,248
5/9/2017;531,7;13022951;0,0;-1741,939776;-142869,0602
6/9/2017;531,44;12878340;0,0;7416,41184;-134467,4118
7/9/2017;531,21;12751289;50,4;19504,24704;-107405,247
8/9/2017;531,05;12663388;8,4;24973,92;-156084,92
9/9/2017;530,81;12532277;0,2;-890,859168;-113107,1408
10/9/2017;530,6;12418279;24,2;44527,84704;-120149,847
11/9/2017;530,46;12342657;2,6;15737,62176;-123250,6218
12/9/2017;530,26;12235144;0,2;-9026,23392;-124508,7661
13/9/2017;530,01;12101609;0,2;-4513,224096;-101631,7759
14/9/2017;529,81;11995464;0,0;-3946,809024;-127883,191
15/9/2017;529,56;11863634;8,4;340,3707264;-115572,3707
16/9/2017;529,34;11748402;8,2;2610,233856;-96349,23386
17/9/2017;529,16;11654663;0,0;2853,37296;-116764,373
18/9/2017;528,94;11540752;3,8;-4662,246816;-93133,75318
19/9/2017;528,75;11442956;15,0;34051,12992;-105768,1299
20/9/2017;528,61;11371239;1,6;13602,86784;-135867,8678
21/9/2017;528,37;11248974;0,0;-5634,033408;-105693,9666
22/9/2017;528,15;11137646;0,0;-1615,717152;-114008,2828
23/9/2017;527,92;11022022;0,0;-1212,124608;-123585,8754
24/9/2017;527,67;10897224;12,6;7173,522432;-101407,5224
25/9/2017;527,48;10802990;0,2;7321,296672;-120689,2967
26/9/2017;527,25;10689622;0,0;-6749,354592;-100969,6454
27/9/2017;527,03;10581903;0,0;-4039,90848;-107825,0915
28/9/2017;526,8;10470038;0,2;6213,515616;-117315,5156
29/9/2017;526,57;10358936;0,2;-3316,828608;-107023,1714
30/9/2017;526,34;10248596;0,0;-3966,791616;-96116,20838
1/10/2017;526,13;10148513;2,2;6467,961888;-115359,9619
2/10/2017;525,9;10039621;0,6;-4858,478496;-84528,5215
3/10/2017;525,71;9950234;0,0;-3574,755072;-108602,2449
4/10/2017;525,47;9838057;0,2;3183,158304;-119168,1583
5/10/2017;525,22;9722072;0,2;-5861,287008;-104656,713
6/10/2017;524,98;9611554;8,0;397,0700352;-96437,07004
7/10/2017;524,77;9515514;0,2;3040,020288;-112046,0203
8/10/2017;524,53;9406508;0,0;16202,6352;-115420,6352
9/10/2017;524,31;9307290;0,0;-18200,70432;-84809,29568
10/10/2017;524,08;9204280;0,2;22,57557696;-106731,5756
11/10/2017;523,84;9097571;0,4;-775,3899744;-74329,61003
12/10/2017;523,67;9022466;0,0;5641,003296;-106624,0033
13/10/2017;523,44;8921483;0,4;-3783,46896;-87785,53104
14/10/2017;523,23;8829914;0,2;-5812,189344;-89473,81066
15/10/2017;523,01;8734628;0,0;-1142,685792;-89198,31421
16/10/2017;522,8;8644287;0,0;1150,20864;-86635,20864
17/10/2017;522,6;8558802;0,0;-4991,108544;-67246,89146
18/10/2017;522,43;8486564;0,0;5112,008064;-85389,00806
19/10/2017;522,24;8406287;0,0;-4686,255648;-58348,74435
20/10/2017;522,09;8343252;0,2;-2696,157792;-68379,84221
21/10/2017;521,92;8272176;0,2;5787,237888;-84769,23789
22/10/2017;521,73;8193194;2,4;1757,62656;-67896,62656
23/10/2017;521,57;8127055;1,8;-9478,20096;-56321,79904
24/10/2017;521,41;8061255;0,0;2869,496064;-72411,49606
25/10/2017;521,24;7991713;0,0;-2485,733184;-62617,26682
26/10/2017;521,08;7926610;0,0;2458,332288;-71262,33229
27/10/2017;520,91;7857806;0,0;60,7236048;-64471,7236
28/10/2017;520,75;7793395;0,0;-3511,87056;-52573,12944
29/10/2017;520,61;7737310;0,0;-1709,813664;-62074,18634
30/10/2017;520,45;7673526;0,0;-529,921008;-62922,07899
31/10/2017;520,29;7610074;0,2;-862,5419136;-62257,45809
1/11/2017;520,13;7546954;0,2;-1416,531456;-53542,46854
2/11/2017;519,99;7491995;0,0;1422,047232;-60026,04723
3/11/2017;519,84;7433391;0,4;3019,788864;-61334,78886
4/11/2017;519,69;7375076;0,0;-1440,246528;-52726,75347
5/11/2017;519,55;7320909;42,8;83209,96512;-17402,96512
6/11/2017;519,72;7386716;21,6;84099,66048;21179,33952
7/11/2017;519,99;7491995;14,2;206125,2576;-155100,2576
8/11/2017;520,12;7543020;0,4;34247,3184;-57824,3184
9/11/2017;520,06;7519443;0,0;20739,87936;-59931,87936
10/11/2017;519,96;7480251;2,8;14748,40224;-53811,40224
11/11/2017;519,86;7441188;0,2;6399,324;-56989,324
12/11/2017;519,73;7390598;1,8;7733,631168;81919,36883
13/11/2017;519,96;7480251;88,0;360823,5072;-59718,5072
14/11/2017;520,72;7781356;47,6;332124,3648;-93178,3648
15/11/2017;521,31;8020302;8,2;220743,36;-51994,36
16/11/2017;521,72;8189051;1,2;247081,7952;-76100,7952
17/11/2017;522,13;8360032;0,2;181044,8928;-33306,8928
18/11/2017;522,48;8507770;0,2;243449,8848;-46771,8848
19/11/2017;522,94;8704448;0,0;203557,968;-51990,968
20/11/2017;523,29;8856015;0,0;155970,6624;-72992,6624
21/11/2017;523,48;8938993;0,0;145280,9952;-8833,9952
22/11/2017;523,79;9075440;0,0;197266,4928;-68426,4928
23/11/2017;524,08;9204280;0,0;145007,1936;-37502,1936
24/11/2017;524,32;9311785;0,0;130118,2272;-39920,2272
25/11/2017;524,52;9401983;4,4;100962,72;-19308,72
26/11/2017;524,7;9483637;15,8;136462,6656;-45205,6656
27/11/2017;524,9;9574894;0,0;102558,528;-52127,528
28/11/2017;525,01;9625325;0,0;73120,89024;535,10976
29/11/2017;525,17;9698981;26,0;1114407,072;138633,928
30/11/2017;527,78;10952022;0,8;484499,4048;-202770,4048
1/12/2017;528,34;11233751;1,2;192568,8384;-39736,8384
2/12/2017;528,64;11386583;11,0;155804,8608;-32576,8608
3/12/2017;528,88;11509811;0,4;130961,1456;-53507,1456
4/12/2017;529,03;11587265;0,0;103022,6688;-35624,6688
5/12/2017;529,16;11654663;0,0;77618,85696;-46425,85696
6/12/2017;529,22;11685856;0,0;89256,1248;-37149,1248
7/12/2017;529,32;11737963;1,0;78264,64512;-10300,64512
8/12/2017;529,45;11805927;21,6;466838,0352;286752,9648
9/12/2017;530,86;12559518;4,8;679286,9952;-293851,9952
10/12/2017;531,56;12944953;17,8;366582,9312;759244,0688
11/12/2017;533,53;14070780;12,8;1910500,128;-679261,128
12/12/2017;535,57;15302019;19,6;1011050,208;-16945,208
13/12/2017;537,14;16296124;2,2;719230,6656;-84373,6656
14/12/2017;538,11;16930981;19,8;1234571,328;62590,672
15/12/2017;540,02;18228143;5,6;829569,6864;-210552,6864
16/12/2017;540,9;18847160;12,4;563128,848;-104336,848
17/12/2017;541,54;19305952;0,0;405453,3408;-115000,3408
18/12/2017;541,94;19596405;0,0;311859,3312;-128870,3312
19/12/2017;542,19;19779394;0,0;186477,984;-68774,984
20/12/2017;542,35;19897097;0,8;193922,2944;-120123,2944
21/12/2017;542,45;19970896;0,0;130125,5712;-93158,5712
22/12/2017;542,5;20007863;0,0;123179,2704;-93573,2704
23/12/2017;542,54;20037469;0,0;120528;-113122
24/12/2017;542,55;20044875;0,0;100615,392;-93207,392
25/12/2017;542,56;20052283;0,0;102415,3632;-102415,3632
26/12/2017;542,56;20052283;4,2;107215,056;-47887,056
27/12/2017;542,64;20111611;46,0;1327455,648;569769,352
28/12/2017;545,12;22008836;15,2;1389062,304;-624004,304
29/12/2017;546,08;22773894;3,0;521451,1296;-181271,1296
30/12/2017;546,5;23114074;0,2;374211,792;-79961,792
31/12/2017;546,86;23408324;0,0;515921,0976;-119737,0976
1/1/2018;547,34;23804508;17,2;872977,824;316493,176
2/1/2018;548,75;24993979;10,8;1336607,136;-443195,136
3/1/2018;549,78;25887391;8,2;734677,2576;-44167,2576
4/1/2018;550,56;26577901;0,0;691895,088;-251910,088
5/1/2018;551,05;27017886;0,0;478489,68;-179458,68
6/1/2018;551,38;27316917;0,0;347314,3488;-155880,3488
7/1/2018;551,59;27508351;0,2;308132,7264;-152508,7264
8/1/2018;551,76;27663975;0,2;222616,8576;-139991,8576
9/1/2018;551,85;27746600;22,0;442788,2496;-55029,2496
10/1/2018;552,27;28134359;0,0;410536,944;-205991,944
11/1/2018;552,49;28338904;8,6;290404,656;-131671,656
12/1/2018;552,66;28497637;3,8;396810,4032;-162304,4032
13/1/2018;552,91;28732143;0,0;285746,2272;-153863,2272
14/1/2018;553,05;28864026;0,0;282181,6224;-216088,6224
15/1/2018;553,12;28930119;0,8;192852,2304;-136121,2304
16/1/2018;553,18;28986850;13,0;495364,9824;104793,0176
17/1/2018;553,81;29587008;19,4;1289426,688;-270852,688
18/1/2018;554,86;30605582;0,2;595928,9664;-251278,9664
19/1/2018;555,21;30950232;0,4;434769,7248;-187011,7248
20/1/2018;555,46;31197990;1,8;302297,9616;-123095,9616
21/1/2018;555,64;31377192;9,2;564339,2256;-203875,2256
22/1/2018;556;31737656;0,0;351440,2944;-160086,2944
23/1/2018;556,19;31929010;0,0;293084,0928;-232497,0928
24/1/2018;556,25;31989597;0,0;221576,8608;-201363,8608
25/1/2018;556,27;32009810;0,0;172125,3024;-172125,3024
26/1/2018;556,27;32009810;0,0;165405,5424;-185618,5424
27/1/2018;556,25;31989597;0,0;159149,3184;-209643,3184
28/1/2018;556,2;31939103;0,2;130975,488;-171333,488
29/1/2018;556,16;31898745;0,0;117082,5408;-177554,5408
30/1/2018;556,1;31838273;0,0;110775,8592;-191286,8592
31/1/2018;556,02;31757762;2,0;122345,1648;-172595,1648
1/2/2018;555,97;31707512;29,8;226963,296;695928,704
2/2/2018;556,88;32630404;77,8;2424333,888;-2044020,888
3/2/2018;557,25;33010717;34,6;540631,6704;-437338,6704
4/2/2018;557,35;33114010;1,4;318805,1136;-329144,1136
5/2/2018;557,34;33103671;0,0;296294,112;-306631,112
6/2/2018;557,33;33093334;19,8;347955,9552;-316938,9552
7/2/2018;557,36;33124351;7,4;397943,28;-377254,28
8/2/2018;557,38;33145040;0,0;324111,7152;-365480,7152
9/2/2018;557,34;33103671;0,0;304403,616;-325075,616
10/2/2018;557,32;33082999;0,0;272648,4192;-324289,4192
11/2/2018;557,27;33031358;0,0;241146,3744;-323660,3744
12/2/2018;557,19;32948844;6,2;251150,4576;-158312,4576
13/2/2018;557,28;33041682;6,8;221570,64;-211244,64
14/2/2018;557,29;33052008;0,0;177166,4832;-197816,4832
15/2/2018;557,27;33031358;0,0;180503,7696;-180503,7696
16/2/2018;557,27;33031358;0,0;188588,736;-178264,736
17/2/2018;557,28;33041682;2,8;235786,9824;-39222,9824
18/2/2018;557,47;33238246;30,4;745308,5184;-838514,5184
19/2/2018;557,38;33145040;6,4;225752,5728;-277458,5728
20/2/2018;557,33;33093334;4,2;161864,2656;-192862,2656
21/2/2018;557,3;33062336;16,6;201769,056;-181106,056
22/2/2018;557,32;33082999;23,4;189340,848;-199672,848
23/2/2018;557,31;33072667;33,4;169481,1168;-210790,1168
24/2/2018;557,27;33031358;14,0;107134,9632;-189648,9632
25/2/2018;557,19;32948844;18,6;198793,6128;-147238,6128
26/2/2018;557,24;33000399;8,4;223350,3936;-182067,3936
27/2/2018;557,28;33041682;4,6;186426,144;-227709,144
28/2/2018;557,24;33000399;0,2;142359,2064;-183607,2064
1/3/2018;557,2;32959151;29,0;179954,784;-210867,784
2/3/2018;557,17;32928238;28,2;567027,3024;-298466,3024
3/3/2018;557,43;33196799;17,4;658611,648;-658611,648
4/3/2018;557,43;33196799;1,0;424703,088;-476462,088
5/3/2018;557,38;33145040;18,2;417993,7824;-417993,7824
6/3/2018;557,38;33145040;4,4;448528,2336;-313841,2336
7/3/2018;557,51;33279727;22,2;1003135,104;-1106773,104
8/3/2018;557,41;33176089;0,0;556616,6208;-566968,6208
9/3/2018;557,4;33165737;0,0;530184,3552;-519832,3552
10/3/2018;557,41;33176089;0,0;539591,2416;-518881,2416
11/3/2018;557,43;33196799;33,8;1402402,464;-1474850,464
12/3/2018;557,36;33124351;22,6;1345330,08;-1283238,08
13/3/2018;557,42;33186443;0,2;884057,76;-925460,76
14/3/2018;557,38;33145040;0,0;385556,112;-416586,112
15/3/2018;557,35;33114010;28,4;395204,6592;-239860,6592
16/3/2018;557,5;33269354;12,8;820867,3056;-934834,3056
17/3/2018;557,39;33155387;4,8;360325,3248;-412041,3248
18/3/2018;557,34;33103671;9,8;320087,808;-299407,808
19/3/2018;557,36;33124351;8,0;399492,9504;-399492,9504
20/3/2018;557,36;33124351;10,2;273764,88;-325448,88
21/3/2018;557,31;33072667;13,6;292233,0528;-302564,0528
22/3/2018;557,3;33062336;0,0;312598,3104;-291935,3104
23/3/2018;557,32;33082999;0,0;293112;-303444
24/3/2018;557,31;33072667;0,0;261330,624;-302639,624
25/3/2018;557,27;33031358;0,0;292087,5552;-292087,5552
26/3/2018;557,27;33031358;0,0;291545,3952;-312186,3952
27/3/2018;557,25;33010717;0,0;266030,4384;-183413,4384
28/3/2018;557,33;33093334;0,0;297464,4;-318131,4
29/3/2018;557,31;33072667;6,8;293700,816;-273033,816
30/3/2018;557,33;33093334;0,0;275655,3984;-285990,3984
31/3/2018;557,32;33082999;23,0;478069,1712;-374625,1712
1/4/2018;557,42;33186443;8,4;539326,8576;-570382,8576
2/4/2018;557,39;33155387;0,0;339915,744;-381292,744
3/4/2018;557,35;33114010;0,0;328233,3408;-348909,3408
4/4/2018;557,33;33093334;26,6;505647,7056;-391823,7056
5/4/2018;557,44;33207158;1,4;586577,0304;-648695,0304
6/4/2018;557,38;33145040;0,2;405091,4976;-425780,4976
7/4/2018;557,36;33124351;0,0;330921,936;-351601,936
8/4/2018;557,34;33103671;0,0;285676,5888;-296013,5888
9/4/2018;557,33;33093334;7,0;344598,192;-334261,192
10/4/2018;557,34;33103671;1,2;300238,3584;-320910,3584
11/4/2018;557,32;33082999;3,4;273013,9776;-314330,9776
12/4/2018;557,28;33041682;2,4;292021,1136;-271367,1136
13/4/2018;557,3;33062336;8,4;334061,0208;-323730,0208
14/4/2018;557,31;33072667;0,0;271547,5968;-292206,5968
15/4/2018;557,29;33052008;0,2;271398,816;-302370,816
16/4/2018;557,26;33021036;6,4;255142,656;-193179,656
17/4/2018;557,32;33082999;4,0;241509,3408;-210498,3408
18/4/2018;557,35;33114010;0,2;216761,616;-227100,616
19/4/2018;557,34;33103671;0,0;196555,8528;-217227,8528
20/4/2018;557,32;33082999;0,0;182541,0816;-192873,0816
21/4/2018;557,31;33072667;0,0;197095,68;-207426,68
22/4/2018;557,3;33062336;0,0;170464,0032;-180792,0032
23/4/2018;557,29;33052008;0,0;165534,7968;-196506,7968
24/4/2018;557,26;33021036;0,0;123949,6992;-185834,6992
25/4/2018;557,2;32959151;0,0;149554,3392;-201066,3392
26/4/2018;557,15;32907639;0,0;136257,0336;-198000,0336
27/4/2018;557,09;32845896;0,0;127421,3376;-209625,3376
28/4/2018;557,01;32763692;0,0;112187,2896;-204502,2896
29/4/2018;556,92;32671377;0,0;98909,424;-201277,424
30/4/2018;556,82;32569009;0,0;86350,67424;-188504,6742
1/5/2018;556,72;32466855;12,6;96183,2448;-136984,2448
2/5/2018;556,68;32426054;17,0;173986,272;-214754,272
3/5/2018;556,64;32385286;14,2;190363,5648;-98588,5648
4/5/2018;556,73;32477061;23,2;832372,416;-133344,416
5/5/2018;557,41;33176089;0,4;427867,8336;-469262,8336
6/5/2018;557,37;33134694;0,6;223498,224;-254521,224
7/5/2018;557,34;33103671;0,2;162730,5984;-183402,5984
8/5/2018;557,32;33082999;0,0;158113,8144;-199430,8144
9/5/2018;557,28;33041682;9,4;192400,704;-192400,704
10/5/2018;557,28;33041682;5,4;178697,664;-168371,664
11/5/2018;557,29;33052008;0,8;194270,4;-194270,4
12/5/2018;557,29;33052008;0,2;182113,7472;-202763,7472
13/5/2018;557,27;33031358;4,0;149784,2496;-149784,2496
14/5/2018;557,27;33031358;6,0;254197,872;-212888,872
15/5/2018;557,31;33072667;2,2;184086,432;-194417,432
16/5/2018;557,3;33062336;0,0;166864,5792;-187518,5792
17/5/2018;557,28;33041682;4,6;189438,912;-168784,912
18/5/2018;557,3;33062336;0,2;203183,424;-234161,424
19/5/2018;557,27;33031358;0,2;136713,6576;-208920,6576
20/5/2018;557,2;32959151;0,0;124094,0736;-196195,0736
21/5/2018;557,13;32887050;11,4;136735,6032;-188172,6032
22/5/2018;557,08;32835613;8,0;191642,112;-191642,112
23/5/2018;557,08;32835613;3,2;189698,976;-199979,976
24/5/2018;557,07;32825332;0,2;134006,4864;-205912,4864
25/5/2018;557;32753426;0,2;130437,216;-212486,216
26/5/2018;556,92;32671377;0,2;104170,2336;-216763,2336
27/5/2018;556,81;32558784;0,0;88974,0288;-201308,0288
28/5/2018;556,7;32446450;0,0;76642,19136;-198892,1914
29/5/2018;556,58;32324200;0,0;55155,21984;-166948,2198
30/5/2018;556,47;32212407;4,8;80999,2224;-172273,2224
31/5/2018;556,38;32121133;0,2;62494,6752;-194030,6752
1/6/2018;556,25;31989597;0,0;60850,62144;-192025,6214
2/6/2018;556,12;31858422;0,0;52787,54016;-163501,5402
3/6/2018;556,01;31747708;0,0;42650,4096;-173162,4096
4/6/2018;555,88;31617196;0,2;50628,05856;-170782,0586
5/6/2018;555,76;31497042;1,6;40372,6464;-180167,6464
6/6/2018;555,62;31357247;0,2;48929,3136;-168423,3136
7/6/2018;555,5;31237753;0,0;24383,53152;-123728,5315
8/6/2018;555,4;31138408;7,8;57010,59936;-156145,5994
9/6/2018;555,3;31039273;0,2;27358,81056;-155918,8106
10/6/2018;555,17;30910713;0,2;33715,62144;-142219,6214
11/6/2018;555,06;30802209;0,0;46345,59936;-184072,5994
12/6/2018;554,92;30664482;0,6;20145,86208;-137870,8621
13/6/2018;554,8;30546757;0,4;33049,75392;-140698,7539
14/6/2018;554,69;30439108;14,0;60245,23392;-148133,2339
15/6/2018;554,6;30351220;0,0;40792,47264;-157713,4726
16/6/2018;554,48;30234299;0,2;19451,78496;-145776,785
17/6/2018;554,35;30107974;0,0;36862,9056;-172510,9056
18/6/2018;554,21;29972326;0,0;22149,288;-138093,288
19/6/2018;554,09;29856382;0,0;9932,49216;-173675,4922
20/6/2018;553,92;29692639;0,0;1651,437504;-145631,4375
21/6/2018;553,77;29548659;0,0;29651,94432;-163613,9443
22/6/2018;553,63;29414697;8,6;52113,22272;-176142,2227
23/6/2018;553,5;29290668;0,0;24066,85824;-157246,8582
24/6/2018;553,36;29157488;3,6;19125,72864;-132958,7286
25/6/2018;553,24;29043655;4,8;27942,71904;-160372,719
26/6/2018;553,1;28911225;0,0;20969,16768;-162411,1677
27/6/2018;552,95;28769783;0,0;396,0137088;-150758,0137
28/6/2018;552,79;28619421;0,0;20474,93376;-160963,9338
29/6/2018;552,64;28478932;0,0;30842,14752;-170870,1475
30/6/2018;552,49;28338904;0,0;19346,23872;-177490,2387
1/7/2018;552,32;28180760;0,0;-2825,538336;-163978,4617
2/7/2018;552,14;28013956;0,0;10958,65632;-167891,6563
3/7/2018;551,97;27857023;0,0;10035,63648;-166381,6365
4/7/2018;551,8;27700677;0,0;4437,052992;-151052,053
5/7/2018;551,64;27554062;0,0;11575,84608;-166786,8461
6/7/2018;551,47;27398851;5,6;9174,70368;-154722,7037
7/7/2018;551,31;27253303;0,0;17352,28224;-180478,2822
8/7/2018;551,13;27090177;0,0;9628,6752;-154082,6752
9/7/2018;550,97;26945723;0,0;-2917,22688;-158979,7731
10/7/2018;550,79;26783826;0,0;8455,103136;-160763,1031
11/7/2018;550,62;26631518;3,2;7626,590208;-159356,5902
12/7/2018;550,45;26479788;0,0;12690,23328;-181589,2333
13/7/2018;550,26;26310889;0,0;1290,085056;-160637,0851
14/7/2018;550,08;26151542;0,0;1094,485824;-177393,4858
15/7/2018;549,88;25975243;19,6;50681,35872;-156080,3587
16/7/2018;549,76;25869844;33,8;52519,06944;-131381,0694
17/7/2018;549,67;25790982;3,2;58235,98464;-198040,9846
18/7/2018;549,51;25651177;0,0;12980,45952;-169657,4595
19/7/2018;549,33;25494500;0,0;683,8389792;-165374,839
20/7/2018;549,14;25329809;0,0;-1478,089728;-162502,9103
21/7/2018;548,95;25165828;0,0;10698,77376;-173973,7738
22/7/2018;548,76;25002553;0,0;5099,616576;-142047,6166
23/7/2018;548,6;24865605;12,6;7427,874528;-160896,8745
24/7/2018;548,42;24712136;0,0;26845,70688;-188157,7069
25/7/2018;548,23;24550824;0,0;-2442,499488;-149733,5005
26/7/2018;548,05;24398648;13,4;34886,47968;-178030,4797
27/7/2018;547,88;24255504;0,2;11513,1888;-170838,1888
28/7/2018;547,69;24096179;0,0;12168,37728;-162465,3773
29/7/2018;547,51;23945882;0,0;6780,004992;-181338,005
30/7/2018;547,3;23771324;0,0;3086,927712;-160291,9277
31/7/2018;547,11;23614119;0,0;-14119,02144;-167043,9786
1/8/2018;546,89;23432956;0,0;12775,52736;-184841,5274
2/8/2018;546,68;23260890;0,0;18540,29088;-189766,2909
3/8/2018;546,47;23089664;18,0;10271,54304;-156369,543
4/8/2018;546,29;22943566;0,2;7317,801792;-176989,8018
5/8/2018;546,08;22773894;0,0;-7745,989824;-161092,0102
6/8/2018;545,87;22605056;0,0;11440,92384;-187426,9238
7/8/2018;545,65;22429070;0,0;-4084,174656;-163053,8253
8/8/2018;545,44;22261932;4,8;18007,34112;-184318,3411
9/8/2018;545,23;22095621;0,2;1399,081248;-174744,0812
10/8/2018;545,01;21922276;0,0;-8897,82624;-179177,1738
11/8/2018;544,77;21734201;0,0;5956,823808;-185188,8238
12/8/2018;544,54;21554969;0,0;3885,735456;-174408,7355
13/8/2018;544,32;21384446;0,0;-8179,982208;-161447,0178
14/8/2018;544,1;21214819;0,2;8227,24128;-184610,2413
15/8/2018;543,87;21038436;8,4;254,0707776;-137614,0708
16/8/2018;543,69;20901076;0,0;-5184,996192;-169466,0038
17/8/2018;543,46;20726425;0,0;2811,20544;-176494,2054
18/8/2018;543,23;20552742;0,0;-2149,833312;-170569,1667
19/8/2018;543;20380023;0,0;3320,72352;-175076,7235
20/8/2018;542,77;20208267;0,0;-976,322592;-184628,6774
21/8/2018;542,52;20022662;0,0;1641,70368;-171399,7037
22/8/2018;542,29;19852904;2,2;21966,02496;-176130,025
23/8/2018;542,08;19698740;7,6;13058,12448;-180995,1245
24/8/2018;541,85;19530803;0,0;1520,887104;-175748,8871
25/8/2018;541,61;19356575;2,6;8276,497056;-167082,4971
26/8/2018;541,39;19197769;0,8;-11677,03776;-124778,9622
27/8/2018;541,2;19061313;0,2;-16,90177536;-171433,0982
28/8/2018;540,96;18889863;0,0;6917,264352;-184426,2644
29/8/2018;540,71;18712354;0,0;-4379,031936;-164991,9681
30/8/2018;540,47;18542983;2,2;1800,232992;-170157,233
31/8/2018;540,23;18374626;0,2;-2287,116;-165059,884
1/9/2018;539,99;18207279;15,8;11888,89056;-157490,8906
2/9/2018;539,78;18061677;10,0;22279,80384;-146469,8038
3/9/2018;539,6;17937487;0,2;7894,40256;-158917,4026
4/9/2018;539,38;17786464;0,2;-229,002336;-163565,9977
5/9/2018;539,14;17622669;0,0;-278,0024544;-169282,9975
6/9/2018;538,89;17453108;0,2;4612,666176;-173096,6662
7/9/2018;538,64;17284624;10,4;6972,636384;-161030,6364
8/9/2018;538,41;17130566;0,2;23037,48864;-189465,4886
9/9/2018;538,16;16964138;0,2;-5961,8376;-152805,1624
10/9/2018;537,92;16805371;0,0;3164,239296;-167505,2393
11/9/2018;537,67;16641030;0,0;451,124208;-157222,1242
12/9/2018;537,43;16484259;0,2;247,9208256;-175452,9208
13/9/2018;537,16;16309054;0,0;1429,542432;-162563,5424
14/9/2018;536,91;16147920;0,0;-462,9721536;-166004,0278
15/9/2018;536,65;15981453;0,0;-625,990464;-171048,0095
16/9/2018;536,38;15809779;0,2;-1730,653344;-162438,3467
17/9/2018;536,12;15645610;1,6;-1276,191072;-155520,8089
18/9/2018;535,87;15488813;17,2;4313,582208;-135225,5822
19/9/2018;535,66;15357901;0,4;15178,7088;-170077,7088
20/9/2018;535,41;15203002;0,2;-13880,58336;-152259,4166
21/9/2018;535,14;15036862;0,2;4638,47904;-175671,479
22/9/2018;534,86;14865829;0,0;3155,190624;-166869,1906
23/9/2018;534,59;14702115;0,0;-8125,002432;-154406,9976
24/9/2018;534,32;14539583;0,0;-3938,445504;-157414,5545
25/9/2018;534,05;14378230;0,0;-2727,058752;-157451,9412
26/9/2018;533,78;14218051;0,0;-8012,79216;-150996,2078
27/9/2018;533,51;14059042;0,0;-620,6354784;-157223,3645
28/9/2018;533,24;13901198;0,0;891,593568;-157575,5936
29/9/2018;532,97;13744514;0,0;-7459,083072;-142328,9169
30/9/2018;532,71;13594726;0,0;-2697,85728;-163114,1427
1/10/2018;532,42;13428914;6,4;4652,84736;-135217,8474
2/10/2018;532,19;13298349;30,2;48621,63456;-144592,6346
3/10/2018;532,02;13202378;0,4;482,1885504;-146388,1886
4/10/2018;531,76;13056472;0,2;3066,791328;-159018,7913
5/10/2018;531,48;12900520;0,6;-1177,634592;-142546,3654
6/10/2018;531,22;12756796;12,0;6461,688384;-132730,6884
7/10/2018;530,99;12630527;0,0;10818,13536;-141708,1354
8/10/2018;530,75;12499637;0,2;2336,351904;-148531,3519
9/10/2018;530,48;12353442;0,2;4528,916064;-149610,9161
10/10/2018;530,21;12208360;0,2;-496,3936608;-143474,6063
11/10/2018;529,94;12064389;0,2;-5364,228672;-142772,7713
12/10/2018;529,66;11916252;0,0;346,2088608;-142071,2089
13/10/2018;529,39;11774527;0,4;-3080,38464;-153106,6154
14/10/2018;529,09;11618340;0,2;-508,8367296;-128618,1633
15/10/2018;528,84;11489213;0,2;2513,573856;-146029,5739
16/10/2018;528,56;11345697;3,6;-1892,337984;-130330,662
17/10/2018;528,3;11213474;8,8;603,807264;-136854,8073
18/10/2018;528,03;11077223;0,6;5689,614528;-145853,6145
19/10/2018;527,75;10937059;0,2;-3408,34608;-145491,6539
20/10/2018;527,45;10788159;0,4;-745,2022464;-141943,7978
21/10/2018;527,16;10645470;10,0;-726,1943328;-126162,8057
22/10/2018;526,9;10518581;0,0;4477,029408;-135212,0294
23/10/2018;526,63;10387846;0,0;-137,2466592;-143892,7533
24/10/2018;526,33;10243816;0,0;1528,624224;-139531,6242
25/10/2018;526,04;10105813;0,0;-2873,745216;-138625,2548
26/10/2018;525,74;9964314;0,0;2289,403008;-137857,403
27/10/2018;525,45;9828746;2,8;-2415,917664;-136576,0823
28/10/2018;525,15;9689754;24,6;67484,85408;-44407,85408
29/10/2018;525,2;9712831;36,6;519649,6032;-126667,6032
30/10/2018;526,04;10105813;11,4;207303,408;-202564,408
31/10/2018;526,05;10110552;0,0;78203,60352;-92415,60352
1/11/2018;526,02;10096340;34,0;551701,0656;-90522,0656
2/11/2018;526,98;10557519;16,0;323680,2336;-171916,2336
3/11/2018;527,29;10709283;1,2;145602,3168;-155435,3168
4/11/2018;527,27;10699450;6,4;94307,76;-128678,76
5/11/2018;527,2;10665079;1,4;70806,4848;-124674,4848
6/11/2018;527,09;10611211;1,0;64738,15488;-113556,1549
7/11/2018;526,99;10562393;0,0;57323,41056;-120570,4106
8/11/2018;526,86;10499146;0,2;43521,14016;-106523,1402
9/11/2018;526,73;10436144;0,2;38760,62112;-115968,6211
10/11/2018;526,57;10358936;0,2;26256,62304;-103095,623
11/11/2018;526,41;10282097;0,2;26901,62496;-117670,625
12/11/2018;526,22;10191328;0,4;16759,77696;-107011,777
13/11/2018;526,03;10101076;0,2;23567,328;-108595,328
14/11/2018;525,85;10016048;0,0;19930,17312;-109181,1731
15/11/2018;525,66;9926797;0,2;12248,0208;-91671,0208
16/11/2018;525,49;9847374;8,6;23664,11328;-98041,11328
17/11/2018;525,33;9772997;17,6;104191,3152;-71696,3152
18/11/2018;525,4;9805492;9,0;160795,9296;-123572,9296
19/11/2018;525,48;9842715;4,2;103346,7552;-89364,7552
20/11/2018;525,51;9856697;37,4;368269,8048;-28873,8048
21/11/2018;526,23;10196093;1,0;431217,0432;-108729,0432
22/11/2018;526,9;10518581;0,2;363499,7472;-172797,7472
23/11/2018;527,29;10709283;2,8;227204,5248;-128550,5248
24/11/2018;527,49;10807937;7,0;254235,024;-35140,024
25/11/2018;527,93;11027032;20,2;642277,728;-45784,728
26/11/2018;529,1;11623525;2,2;461738,7072;-211118,7072
27/11/2018;529,58;11874145;6,0;270212,8896;-133010,8896
28/11/2018;529,84;12011347;0,0;195373,296;-126389,296
29/11/2018;529,97;12080331;0,0;141593,616;-120315,616
30/11/2018;530,01;12101609;0,0;109164,9312;-119806,9312
1/12/2018;529,99;12090967;1,0;85211,352;-101162,352
2/12/2018;529,96;12075016;0,0;80266,38624;-112128,3862
3/12/2018;529,9;12043154;0,6;82956,04416;-88261,04416
4/12/2018;529,89;12037849;0,2;116757,7632;-111452,7632
5/12/2018;529,9;12043154;0,2;80366,23872;-101577,2387
6/12/2018;529,86;12021943;5,4;87908,3712;-98504,3712
7/12/2018;529,84;12011347;1,0;84501,78336;-89797,78336
8/12/2018;529,83;12006051;9,6;248674,4064;-67764,4064
9/12/2018;530,17;12186961;2,8;258918,4224;-92437,4224
10/12/2018;530,48;12353442;0,0;223310,6496;-136811,6496
11/12/2018;530,64;12439941;0,0;154731,5136;-111334,5136
12/12/2018;530,72;12483338;0,0;105116,832;-110546,832
13/12/2018;530,71;12477908;7,4;98619,8976;-93189,8976
14/12/2018;530,72;12483338;14,8;96369,696;-107228,696
15/12/2018;530,7;12472479;0,0;72519,89184;-99638,89184
16/12/2018;530,65;12445360;8,4;76587,83712;-103668,8371
17/12/2018;530,6;12418279;11,2;78962,45472;-106004,4547
18/12/2018;530,55;12391237;0,0;75000,33216;-96607,33216
19/12/2018;530,51;12369630;0,4;84876,18048;-63269,18048
20/12/2018;530,55;12391237;7,2;353963,52;-70846,52
21/12/2018;531,07;12674354;0,8;408177,8784;-20467,8784
22/12/2018;531,77;13062064;0,2;559210,176;-146751,176
23/12/2018;532,5;13474523;0,0;361644,8256;-166681,8256
24/12/2018;532,84;13669486;0,2;238373,4528;-117041,4528
25/12/2018;533,05;13790818;0,0;171368,1792;-101721,1792
26/12/2018;533,17;13860465;0,0;135195,696;-100286,696
27/12/2018;533,23;13895374;0,0;112875,12;-118697,12
28/12/2018;533,22;13889552;0,0;90759,4848;-96580,4848
29/12/2018;533,21;13883731;0,0;81017,89344;-110096,8934
30/12/2018;533,16;13854652;0,0;73978,69536;-103017,6954
31/12/2018;533,11;13825613;0,0;71767,17504;-123938,175
1/1/2019;533,02;13773442;0,0;61571,41514;-102059,4151
2/1/2019;532,95;13732954;0,0;59114,98718;-116820,9872
3/1/2019;532,85;13675248;0,0;50846,08784;-96897,08784
4/1/2019;532,77;13629197;0,0;47224,40529;-110378,4053
5/1/2019;532,66;13566043;0,0;43808,39195;-89619,39195
6/1/2019;532,58;13520232;0,0;49245,6665;-112069,6665
7/1/2019;532,47;13457408;0,0;41872,79835;-98820,79835
8/1/2019;532,37;13400460;0,0;37129,0658;-88248,0658
9/1/2019;532,28;13349341;0,0;50667,39349;-79012,39349
10/1/2019;532,23;13320996;0,0;28664,14804;-96530,14804
11/1/2019;532,11;13253130;0,0;28489,90316;-84873,90316
12/1/2019;532,01;13196746;0,0;27528,52821;-89369,52821
13/1/2019;531,9;13134905;0,0;49025,03185;-88280,03185
14/1/2019;531,83;13095650;0,0;28649,68472;-90181,68472
15/1/2019;531,72;13034118;0,0;24001,83964;-85345,83964
16/1/2019;531,61;12972774;0,0;26989,64367;-99243,64367
17/1/2019;531,48;12900520;5,2;53370,44735;-103239,4473
18/1/2019;531,39;12850651;5,4;37151,55773;-86895,55773
19/1/2019;531,3;12800907;3,0;52824,72382;-96935,72382
20/1/2019;531,22;12756796;0,2;36344,11669;-85851,11669
21/1/2019;531,13;12707289;8,0;47931,81839;-91832,81839
22/1/2019;531,05;12663388;12,4;49673,15483;-93475,15483
23/1/2019;530,97;12619586;6,0;49973,08674;-88219,08674
24/1/2019;530,9;12581340;7,6;45719,19422;-100226,1942
25/1/2019;530,8;12526833;0,0;41203,2546;-90128,2546
26/1/2019;530,71;12477908;0,0;50214,23836;-99015,23836
27/1/2019;530,62;12429107;1,8;84576,2455;-3172,245499
28/1/2019;530,77;12510511;6,0;340569,429;-127302,429
29/1/2019;531,16;12723778;5,0;213632,6797;-125459,6797
30/1/2019;531,32;12811951;11,4;155366,5409;-105595,5409
31/1/2019;531,41;12861722;7,6;130669,931;8243,06897
1/2/2019;531,66;13000635;30,8;1644636,841;1650852,159
2/2/2019;537,14;16296124;68,2;4155501,379;-1268250,379
3/2/2019;541,37;19183375;8,2;1533704,645;-508812,6448
4/2/2019;542,77;20208267;2,8;749949,1425;-224217,1425
5/2/2019;543,47;20733999;0,0;472514,1724;-129815,1724
6/2/2019;543,92;21076698;0,0;325275,7187;-133278,7187
7/2/2019;544,17;21268695;0,0;254948,703;-139197,703
8/2/2019;544,32;21384446;0,0;204302,2385;-119153,2385
9/2/2019;544,43;21469595;0,0;161337,2978;-130318,2978
10/2/2019;544,47;21500614;0,0;176070,726;-106169,726
11/2/2019;544,56;21570515;6,6;223136,3411;-129701,3411
12/2/2019;544,68;21663950;0,0;180710,939;-149506,939
13/2/2019;544,72;21695154;0,0;137431,4873;-129625,4873
14/2/2019;544,73;21702960;0,0;137427,3056;-129620,3056
15/2/2019;544,74;21710767;0,0;112061,1443;-127674,1443
16/2/2019;544,72;21695154;0,0;104690,3103;-128096,3103
17/2/2019;544,69;21671748;0,0;110976,4023;-126571,4023
18/2/2019;544,67;21656153;0,0;99502,17476;-138456,1748
19/2/2019;544,62;21617199;0,0;84183,12721;-123091,1272
20/2/2019;544,57;21578291;0,0;84883,20179;-115976,2018
21/2/2019;544,53;21547198;0,0;71724,12128;-118308,1213
22/2/2019;544,47;21500614;0,0;75509,74903;-129772,749
23/2/2019;544,4;21446351;0,0;72185,92815;-134090,9282
24/2/2019;544,32;21384446;0,0;50917,20715;-112703,2071
25/2/2019;544,24;21322660;0,0;64683,94318;-118648,9432
26/2/2019;544,17;21268695;0,0;70347,67685;-101144,6768
27/2/2019;544,13;21237898;0,0;54339,47239;-92794,47239
28/2/2019;544,08;21199443;0,0;52808,28552;-114239,2855
1/3/2019;544;21138012;0,0;52207,27329;-90542,27329
2/3/2019;543,95;21099677;0,0;66748,93684;-105037,9368
3/3/2019;543,9;21061388;0,0;43867,86747;-89753,86747
4/3/2019;543,84;21015502;0,0;51279,49848;-104729,4985
5/3/2019;543,77;20962052;0,0;56322,57328;-94446,57328
6/3/2019;543,72;20923928;0,0;60464,67304;-75700,67304
7/3/2019;543,7;20908692;0,0;78717,0084;-124383,0084
8/3/2019;543,64;20863026;0,0;37412,92505;-75416,92505
9/3/2019;543,59;20825022;0,0;67952,50626;-121081,5063
10/3/2019;543,52;20771893;0,0;42670,42379;-80564,42379
11/3/2019;543,47;20733999;11,8;94036,89537;-101610,8954
12/3/2019;543,46;20726425;0,2;49848,73352;-95250,73352
13/3/2019;543,4;20681023;0,2;59614,88743;-82290,88743
14/3/2019;543,37;20658347;0,0;52160,70843;-97463,70843
15/3/2019;543,31;20613044;0,0;41137,26454;-78840,26454
16/3/2019;543,26;20575341;0,0;30860,8386;-83566,8386
17/3/2019;543,19;20522635;0,0;57028,80707;-79590,80707
18/3/2019;543,16;20500073;19,4;91021,98257;-45882,98257
19/3/2019;543,22;20545212;8,0;121374,7559;-91245,75586
20/3/2019;543,26;20575341;0,0;81925,34409;-81925,34409
21/3/2019;543,26;20575341;0,0;99610,68192;-92073,68192
22/3/2019;543,27;20582878;0,0;68776,26457;-68776,26457
23/3/2019;543,27;20582878;0,0;68596,65356;-83668,65356
24/3/2019;543,25;20567806;0,0;60626,8055;-68159,8055
25/3/2019;543,24;20560273;0,0;65048,50559;-49980,50559
26/3/2019;543,26;20575341;27,4;117621,5;-102545,5
27/3/2019;543,28;20590417;0,0;96220,85037;-66047,85037
28/3/2019;543,32;20620590;0,0;96421,41609;-66219,41609
29/3/2019;543,36;20650792;0,0;112341,0896;-82110,08963
30/3/2019;543,4;20681023;0,0;104476,8082;-81783,80817
31/3/2019;543,43;20703716;0,0;96458,43315;-73749,43315
1/4/2019;543,46;20726425;0,0;89702,44904;-74553,44904
2/4/2019;543,48;20741574;0,2;88723,4333;-88723,4333
3/4/2019;543,48;20741574;0,4;81058,64639;-81058,64639
4/4/2019;543,48;20741574;43,0;812811,8958;438695,1042
5/4/2019;545,1;21993081;0,0;960262,6465;-468376,6465
6/4/2019;545,72;22484967;0,0;369061,3174;-128458,3174
7/4/2019;546,02;22725570;0,0;247892,1844;-94631,18445
8/4/2019;546,21;22878831;0,0;187404,435;-82148,43497
9/4/2019;546,34;22984087;0,0;156881,4697;-83823,46973
10/4/2019;546,43;23057145;2,2;135136,0897;-61925,08971
11/4/2019;546,52;23130356;5,6;151750,4253;-62060,42534
12/4/2019;546,63;23220046;5,8;157383,7749;-75647,77495
13/4/2019;546,73;23301782;1,4;190261,9995;-83719,99951
14/4/2019;546,86;23408324;16,2;228547,1558;59900,84424
15/4/2019;547,21;23696772;0,6;452498,2635;-153358,2635
16/4/2019;547,57;23995912;0,0;288598,6519;-96175,65189
17/4/2019;547,8;24188335;0,0;213522,4731;-45368,47314
18/4/2019;548;24356489;0,0;202403,3684;-92688,36838
19/4/2019;548,13;24466204;0,0;149257,1194;-73108,11937
20/4/2019;548,22;24542353;0,0;130796,6789;-71460,67892
21/4/2019;548,29;24601689;0,0;117562,627;-66628,62703
22/4/2019;548,35;24652623;14,0;127959,0134;-17360,01337
23/4/2019;548,48;24763222;24,8;529949,8993;201328,1007
24/4/2019;549,33;25494500;1,0;792878,7964;-285741,7964
25/4/2019;549,91;26001637;0,0;347426,0101;-73640,01013
26/4/2019;550,22;26275423;2,8;279179,6745;-74814,67453
27/4/2019;550,45;26479788;3,0;216296,6515;-73507,65146
28/4/2019;550,61;26622577;10,8;298193,5066;-29085,50662
29/4/2019;550,91;26891685;2,6;337843,618;-75990,61801
30/4/2019;551,2;27153538;0,2;271089,1914;-89517,19144
1/5/2019;551,4;27335110;6,2;215690,6387;-42449,63873
2/5/2019;551,59;27508351;0,2;198402,5803;-79448,58026
3/5/2019;551,72;27627305;13,6;264487,0331;-7118,033081
4/5/2019;552;27884674;2,2;308561,9087;-86692,90872
5/5/2019;552,24;28106543;38,0;930821,8689;655274,1311
6/5/2019;553,92;29692639;26,4;1795843,103;-577769,103
7/5/2019;555,17;30910713;0,2;812122,641;-235792,641
8/5/2019;555,75;31487043;0,0;561520,3629;-180063,3629
9/5/2019;556,13;31868500;22,8;990526,4099;-64523,40991
10/5/2019;557,04;32794503;0,0;454240,2283;-341104,2283
11/5/2019;557,15;32907639;8,4;158161,4937;-147863,4937
12/5/2019;557,16;32917937;56,4;582282,2571;-303420,2571
13/5/2019;557,43;33196799;54,2;2808037,244;-2983800,244
14/5/2019;557,26;33021036;1,4;811313,7451;-718339,7451
15/5/2019;557,35;33114010;8,2;293801,207;-335144,207
16/5/2019;557,31;33072667;0,0;240973,9906;-302923,9906
17/5/2019;557,25;33010717;3,0;271358,6929;-250717,6929
18/5/2019;557,27;33031358;9,0;333224,4164;-312574,4164
19/5/2019;557,29;33052008;12,6;392558,2306;-330556,2306
20/5/2019;557,35;33114010;0,6;288967,9161;-330310,9161
21/5/2019;557,31;33072667;0,4;271259,61;-291918,61
22/5/2019;557,29;33052008;0,2;260681,218;-332918,218
23/5/2019;557,22;32979771;3,0;250347,5258;-291578,5258
24/5/2019;557,18;32938540;0,2;270790,9744;-301691,9744
25/5/2019;557,15;32907639;10,2;260413,0142;-291294,0142
26/5/2019;557,12;32876758;25,2;476805,9265;-187826,9265
27/5/2019;557,4;33165737;8,0;506183,876;-557910,876
28/5/2019;557,35;33114010;11,2;324483,7555;-303799,7555
29/5/2019;557,37;33134694;18,0;431307,7789;-410614,7789
30/5/2019;557,39;33155387;17,6;518019,2001;-538712,2001
31/5/2019;557,37;33134694;0,2;333805,648;-395832,648
1/6/2019;557,31;33072667;0,0;301494,3283;-291162,3283
2/6/2019;557,32;33082999;0,0;272918,1679;-324559,1679
3/6/2019;557,27;33031358;0,0;239282,7415;-301180,7415
4/6/2019;557,21;32969460;1,8;229036,6379;-311446,6379
5/6/2019;557,13;32887050;0,0;166516,7713;-187097,7713
6/6/2019;557,11;32866469;0,0;155035,9211;-206450,9211
7/6/2019;557,06;32815054;0,0;134291,8556;-195919,8556
8/6/2019;557;32753426;0,0;131831,6322;-213880,6322
9/6/2019;556,92;32671377;0,0;103098,0721;-195239,0721
10/6/2019;556,83;32579236;0,0;92460,69374;-174217,6937
11/6/2019;556,75;32497479;0,0;90003,25127;-171623,2513
12/6/2019;556,67;32415859;0,0;85636,33003;-167120,33
13/6/2019;556,59;32334375;0,0;76991,76006;-168496,7601
14/6/2019;556,5;32242870;0,0;48635,5751;-160239,5751
15/6/2019;556,39;32131266;0,0;63561,8597;-174907,8597
16/6/2019;556,28;32019920;0,0;73111,19499;-204370,195
17/6/2019;556,15;31888661;0,0;50239,86912;-161023,8691
18/6/2019;556,04;31777877;0,0;44653,17192;-195307,1719
19/6/2019;555,89;31627223;0,0;47133,97408;-157310,9741
20/6/2019;555,78;31517046;0,0;52134,27429;-191988,2743
21/6/2019;555,64;31377192;0,0;56590,63797;-176134,638
22/6/2019;555,52;31257648;8,4;42317,65194;-151632,6519
23/6/2019;555,41;31148333;0,0;19318,12077;-167973,1208
24/6/2019;555,26;30999678;0,0;29854,89178;-158304,8918
25/6/2019;555,13;30871228;0,0;38850,87404;-157104,874
26/6/2019;555,01;30752974;0,0;44785,65159;-182366,6516
27/6/2019;554,87;30615393;0,0;31765,09151;-159150,0915
28/6/2019;554,74;30488008;0,0;31031,60477;-177574,6048
29/6/2019;554,59;30341465;0,0;21341,85777;-157690,8578
30/6/2019;554,45;30205116;0,0;36229,84686;-162473,8469
1/7/2019;554,32;30078872;0,0;2299,813235;-166854,8132
2/7/2019;554,15;29914317;0,0;15350,26331;-217795,2633
3/7/2019;553,94;29711872;13,6;1093,654579;-164306,6546
4/7/2019;553,77;29548659;0,0;6121,099448;-168736,0994
5/7/2019;553,6;29386044;0,0;9659,732437;-181188,7324
6/7/2019;553,42;29214515;0,0;14954,57654;-195287,5765
7/7/2019;553,23;29034182;4,2;-7958,812594;-162197,1874
8/7/2019;553,05;28864026;0,0;24171,37756;-193661,3776
9/7/2019;552,87;28694536;5,4;-6152,033901;-153311,9661
10/7/2019;552,7;28535072;10,4;15380,26242;-155592,2624
11/7/2019;552,55;28394860;9,6;14716,08868;-154469,0887
12/7/2019;552,4;28255107;1,2;11330,67827;-178427,6783
13/7/2019;552,22;28088010;0,0;2414,35166;-168853,3517
14/7/2019;552,04;27921571;0,2;15297,32165;-171884,3217
15/7/2019;551,87;27764984;16,8;21619,27071;-140967,2707
16/7/2019;551,74;27645636;0,0;17396,48581;-182083,4858
17/7/2019;551,56;27480949;0,0;230,5575505;-173356,5576
18/7/2019;551,37;27307823;0,0;11685,17919;-175028,1792
19/7/2019;551,19;27144480;0,0;4503,895104;-176214,8951
20/7/2019;551;26972769;0,0;4889,381647;-184855,3816
21/7/2019;550,8;26792803;0,0;3629,488742;-173855,4887
22/7/2019;550,61;26622577;0,0;5513,543057;-192819,5431
23/7/2019;550,4;26435271;0,0;-1921,295393;-166788,7046
24/7/2019;550,21;26266561;0,0;20458,91747;-214910,9175
25/7/2019;549,99;26072109;0,0;12521,18511;-188463,1851
26/7/2019;549,79;25896167;0,0;-20458,32267;-180896,6773
27/7/2019;549,56;25694812;20,8;91814,08997;-187746,09
28/7/2019;549,45;25598880;27,0;-3142,527473;-144646,4725
29/7/2019;549,28;25451091;0,0;4683,349371;-169186,3494
30/7/2019;549,09;25286588;0,0;12763,54823;-185160,5482
31/7/2019;548,89;25114191;0,0;-5819,668937;-165794,3311
1/8/2019;548,69;24942577;0,0;9000,41821;-188355,4182
2/8/2019;548,48;24763222;0,6;-2466,907883;-159066,0921
3/8/2019;548,29;24601689;0,2;9994,534564;-187716,5346
4/8/2019;548,08;24423967;0,0;-5600,42603;-154458,574
5/8/2019;547,89;24263908;0,0;7196,879411;-191655,8794
6/8/2019;547,67;24079449;0,0;1531,644237;-185058,6442
7/8/2019;547,45;23895922;0,0;-12117,1762;-178756,8238
8/8/2019;547,22;23705048;11,6;18364,5916;-175277,5916
9/8/2019;547,03;23548135;0,2;26670,92772;-207497,9277
10/8/2019;546,81;23367308;0,0;-29546,14849;-158511,8515
11/8/2019;546,58;23179250;0,0;1185,085747;-163897,0857
12/8/2019;546,38;23016538;0,0;8067,258596;-186172,2586
13/8/2019;546,16;22838433;0,0;-1514,044011;-175675,956
14/8/2019;545,94;22661243;0,0;-805,9927315;-159483,0073
15/8/2019;545,74;22500954;0,0;3923,714626;-171416,7146
16/8/2019;545,53;22333461;0,0;-6338,418889;-160326,5811
17/8/2019;545,32;22166796;0,0;-1066,382146;-172648,6179
18/8/2019;545,1;21993081;0,0;854,0557176;-165831,0557
19/8/2019;544,89;21828104;0,0;-4881,942058;-174863,0579
20/8/2019;544,66;21648359;0,0;2178,162557;-188692,1626
21/8/2019;544,42;21461845;0,0;-7449,235797;-177996,7642
22/8/2019;544,18;21276399;2,8;6052,546692;-167446,5467
23/8/2019;543,97;21115005;0,2;1135,116112;-161717,1161
24/8/2019;543,76;20954423;29,6;26414,16693;-163410,1669
25/8/2019;543,58;20817427;0,2;9726,646256;-176361,6463
26/8/2019;543,36;20650792;0,2;-8189,171433;-165074,8286
27/8/2019;543,13;20477528;0,2;9330,49922;-181630,4992
28/8/2019;542,9;20305228;1,6;-3942,378294;-174824,6217
29/8/2019;542,66;20126461;17,4;21337,19845;-169512,1984
30/8/2019;542,46;19978286;0,2;-1281,899706;-175576,1003
31/8/2019;542,22;19801428;0,2;4509,636855;-180330,6369
1/9/2019;541,98;19625607;0,0;-6646,547413;-146348,4526
2/9/2019;541,77;19472612;2,2;11635,2386;-171069,2386
3/9/2019;541,55;19313178;1,6;-1948,193818;-149432,8062
4/9/2019;541,34;19161797;0,2;4535,680246;-205156,6802
5/9/2019;541,06;18961176;0,0;-4714,524257;-180331,4757
6/9/2019;540,8;18776130;0,8;-3656,593323;-159042,4067
7/9/2019;540,57;18613431;3,0;12094,42163;-180873,4216
8/9/2019;540,33;18444652;2,6;-6055,356574;-168680,6434
9/9/2019;540,08;18269916;0,0;-1696,273881;-165020,7261
10/9/2019;539,84;18103199;0,0;-936,7424548;-157890,2575
11/9/2019;539,61;17944372;0,2;13840,32726;-192277,3273
12/9/2019;539,35;17765935;0,0;-7111,904454;-190531,0955
13/9/2019;539,06;17568292;0,0;-1562,265354;-187886,7346
14/9/2019;538,78;17378843;0,0;2355,214745;-190457,2147
15/9/2019;538,5;17190741;0,0;-4965,951419;-175144,0486
16/9/2019;538,23;17010631;0,0;-960,1356089;-177906,8644
17/9/2019;537,96;16831764;0,0;-17512,98938;-179773,0106
18/9/2019;537,66;16634478;8,8;-226,1974253;-169520,8026
19/9/2019;537,4;16464731;9,8;7814,703298;-163491,7033
20/9/2019;537,16;16309054;0,2;10686,502;-178243,502
21/9/2019;536,9;16141497;0,2;-7960,62212;-164841,3779
22/9/2019;536,63;15968695;9,4;4804,621696;-157383,6217
23/9/2019;536,39;15816116;17,0;26548,60353;-146660,6035
24/9/2019;536,2;15696004;0,2;11632,51948;-168761,5195
25/9/2019;535,95;15538875;13,0;27485,09703;-183579,097
26/9/2019;535,7;15382781;0,0;397,3494843;-180176,3495
27/9/2019;535,41;15203002;0,2;-3412,441599;-162727,5584
28/9/2019;535,14;15036862;0,0;-7926,077628;-175273,9224
29/9/2019;534,84;14853662;0,0;-5739,469171;-151848,5308
30/9/2019;534,58;14696074;0,0;3053,106916;-183522,1069
1/10/2019;534,28;14515605;0,2;-5589,138865;-179368,8611
2/10/2019;533,97;14330647;8,2;7462,855196;-149592,8552
3/10/2019;533,73;14188517;22,8;60075,06695;-142558,0669
4/10/2019;533,59;14106034;0,4;16597,85228;-163108,8523
5/10/2019;533,34;13959523;0,4;15793,80755;-167108,8076
6/10/2019;533,08;13808208;0,2;-4744,05055;-133977,9494
7/10/2019;532,84;13669486;14,2;49579,48437;-164484,4844
8/10/2019;532,64;13554581;0,4;11903,47452;-154647,4745
9/10/2019;532,39;13411837;0,4;15015,33566;-168076,3357
10/10/2019;532,12;13258776;0,0;-6845,317769;-150677,6822
11/10/2019;531,84;13101253;0,0;-1174,876991;-166243,123
12/10/2019;531,54;12933835;0,0;167,4981058;-166187,4981
13/10/2019;531,24;12767815;0,2;4721,92651;-158418,9265
14/10/2019;530,96;12614118;0,2;-3399,086452;-149091,9135
15/10/2019;530,68;12461627;19,2;32306,83937;-124303,8394
16/10/2019;530,51;12369630;0,0;49797,91489;-189643,9149
17/10/2019;530,25;12229784;0,2;9065,225744;-158518,2257
18/10/2019;529,97;12080331;0,2;-5827,478027;-158251,522
19/10/2019;529,66;11916252;0,0;1150,658977;-153329,659
20/10/2019;529,37;11764073;0,0;-1248,325717;-154848,6743
21/10/2019;529,07;11607976;0,0;3279,26091;-147755,2609
22/10/2019;528,79;11463500;0,2;-421,7017964;-137788,2982
23/10/2019;528,52;11325290;0,2;2084,804785;-144271,8048
24/10/2019;528,24;11183103;4,0;32,1908257;-136044,1908
25/10/2019;527,97;11047091;0,4;2201,192325;-137141,1923
26/10/2019;527,7;10912151;0,2;2416,36911;-146162,3691
27/10/2019;527,41;10768405;0,4;-5566,782117;-122266,2179
28/10/2019;527,15;10640572;0,0;4470,170081;-136181,1701
29/10/2019;526,88;10508861;1,2;176,9388512;-135652,9389
30/10/2019;526,6;10373385;0,6;1792,762917;-131361,7629
31/10/2019;526,33;10243816;4,4;-1684,611905;-131579,3881
1/11/2019;526,05;10110552;0,8;2743,626881;-125487,6269
2/11/2019;525,79;9987808;7,6;6692,204618;-81749,20462
3/11/2019;525,63;9912751;39,2;347562,2131;-102296,2131
4/11/2019;526,15;10158017;5,4;196554,2816;-177527,2816
5/11/2019;526,19;10177044;69,6;1021984,113;-31090,11255
6/11/2019;528,21;11167938;11,4;427971,6293;-137547,6293
7/11/2019;528,78;11458362;0,0;256340,7875;-168788,7875
8/11/2019;528,95;11545914;36,6;836061,9873;193906,0127
9/11/2019;530,89;12575882;1,8;711511,6333;-425671,6333
10/11/2019;531,41;12861722;0,0;197960,6827;-142512,6827
11/11/2019;531,51;12917170;7,2;139850,2132;-128741,2132
12/11/2019;531,53;12928279;33,0;439839,3768;157834,6232
13/11/2019;532,59;13525953;3,2;675578,2242;-370114,2242
14/11/2019;533,12;13831417;0,4;273185,733;-168428,733
15/11/2019;533,3;13936174;65,4;1563610,144;284664,856
16/11/2019;536,34;15784449;45,8;1414646,411;890255,5889
17/11/2019;539,82;18089351;48,4;3060319,812;-1340894,812
18/11/2019;542,23;19808776;14,4;943979,0131;3974,986938
19/11/2019;543,5;20756730;11,4;1235720,901;-320702,9015
20/11/2019;544,69;21671748;0,2;626319,7037;-226137,7037
21/11/2019;545,2;22071930;0,2;377942,9398;-180000,9398
22/11/2019;545,45;22269872;0,2;268765,6242;-173336,6242
23/11/2019;545,57;22365301;8,4;202355,7632;-114642,7632
24/11/2019;545,68;22453014;8,6;327891,5291;-39235,52908
25/11/2019;546,04;22741670;13,6;714458,0017;-170708,0017
26/11/2019;546,71;23285420;0,2;435997,966;-280246,966
27/11/2019;546,9;23441171;22,2;481483,3832;-10086,38318
28/11/2019;547,47;23912568;8,6;827759,2896;-130154,2896
29/11/2019;548,3;24610173;13,6;1037767,181;-205524,1814
30/11/2019;549,27;25442416;0,2;677294,2337;-302459,2337
1/12/2019;549,7;25817251;0,2;395210,6049;-193218,6049
2/12/2019;549,93;26019243;65,2;2176994,312;338834,6885
3/12/2019;552,7;28535072;4,6;1360211,023;-566490,0229
4/12/2019;553,54;29328793;0,0;603493,7531;-297295,7531
5/12/2019;553,86;29634991;0,0;391344,4336;-189248,4336
6/12/2019;554,07;29837087;0,6;328698,6122;-261129,6122
7/12/2019;554,14;29904656;0,6;249995,256;-191998,256
8/12/2019;554,2;29962653;0,2;204493,9774;-204493,9774
9/12/2019;554,2;29962653;9,4;264774,559;-148555,559
10/12/2019;554,32;30078872;0,2;226583,0063;-207183,0063
11/12/2019;554,34;30098272;0,0;207857,2357;-198155,2357
12/12/2019;554,35;30107974;2,6;187794,7105;-168382,7105
13/12/2019;554,37;30127386;34,6;1039117,511;51363,48901
14/12/2019;555,48;31217867;0,0;701071,2982;-361857,2982
15/12/2019;555,82;31557081;0,0;476559,9701;-235639,9701
16/12/2019;556,06;31798001;0,0;339229,7905;-238485,7905
17/12/2019;556,16;31898745;0,0;247532,6843;-176884,6843
18/12/2019;556,23;31969393;0,0;200887,9349;-190786,9349
19/12/2019;556,24;31979494;0,0;190055,7999;-210255,7999
20/12/2019;556,22;31959294;25,8;272219,3344;31676,66559
21/12/2019;556,52;32263190;50,0;1438185,883;-545988,8826
22/12/2019;557,39;33155387;53,8;1635222,272;-1707610,272
23/12/2019;557,32;33082999;0,0;524715,1886;-473020,1886
24/12/2019;557,37;33134694;0,0;312010,5309;-384368,5309
25/12/2019;557,3;33062336;0,0;272069,0208;-292723,0208
26/12/2019;557,28;33041682;0,0;219710,7285;-302241,7285
27/12/2019;557,2;32959151;0,0;209620,6238;-343439,6238
28/12/2019;557,07;32825332;0,4;158354,7157;-302060,7157
29/12/2019;556,93;32681626;0,0;137849,366;-189071,366
30/12/2019;556,88;32630404;0,0;165734,634;-206672,634
31/12/2019;556,84;32589466;0,0;131978,0216;-193322,0216
1/1/2020;556,78;32528122;0,0;145694,212;-196755,212
2/1/2020;556,73;32477061;0,0;114470,7756;-196056,7756
3/1/2020;556,65;32395475;0,0;111715,8474;-182990,8474
4/1/2020;556,58;32324200;0,0;102423,9887;-173594,9887
5/1/2020;556,51;32253029;0,0;91994,7361;-183345,7361
6/1/2020;556,42;32161678;0,0;99110,99281;-200409,9928
7/1/2020;556,32;32060379;0,0;70608,38757;-161594,3876
8/1/2020;556,23;31969393;0,0;65111,18946;-186158,1895
9/1/2020;556,11;31848346;0,0;81184,9102;-222018,9102
10/1/2020;555,97;31707512;0,0;70346,36364;-180709,3636
11/1/2020;555,86;31597149;0,0;78631,85577;-178738,8558
12/1/2020;555,76;31497042;0,0;77019,31686;-206842,3169
13/1/2020;555,63;31367219;0,0;36933,62675;-196224,6267
14/1/2020;555,47;31207928;0,0;66117,24186;-175316,2419
15/1/2020;555,36;31098729;0,0;55588,29346;-174424,2935
16/1/2020;555,24;30979893;0,0;59517,05589;-197774,0559
17/1/2020;555,1;30841636;0,0;40177,51694;-178022,5169
18/1/2020;554,96;30703791;4,2;60089,03847;-177915,0385
19/1/2020;554,84;30585965;3,6;66724,68624;-194027,6862
20/1/2020;554,71;30458662;0,2;51742,25807;-207938,2581
21/1/2020;554,55;30302466;0,0;46962,08782;-183194,0878
22/1/2020;554,41;30166234;0,0;55305,48992;-200814,4899
23/1/2020;554,26;30020725;0,0;38388,51099;-193081,511
24/1/2020;554,1;29866032;0,0;36740,22188;-162036,2219
25/1/2020;553,97;29740736;7,4;73602,07272;-160139,0727
26/1/2020;553,88;29654199;1,0;84963,41572;-161745,4157
27/1/2020;553,8;29577417;1,2;103523,0473;-161022,0473
28/1/2020;553,74;29519918;11,0;193765,0452;-97892,04517
29/1/2020;553,84;29615791;0,0;310190,9065;-233342,9065
30/1/2020;553,92;29692639;0,0;192652,9678;-183037,9678
31/1/2020;553,93;29702254;0,0;143802,4693;-191857,4693
1/2/2020;553,88;29654199;3,0;170364,3723;-103072,3723
2/2/2020;553,95;29721491;0,0;261960,5621;-194565,5621
3/2/2020;554,02;29788886;0,0;178948,1689;-169312,1689
4/2/2020;554,03;29798522;0,0;139151,009;-196937,009
5/2/2020;553,97;29740736;0,0;112087,3878;-761774,3878
6/2/2020;553,29;29091049;0,0;92304,34456;403654,6554
7/2/2020;553,81;29587008;0,0;99067,50755;-185306,5076
8/2/2020;553,72;29500769;0,0;75176,70364;-180352,7036
9/2/2020;553,61;29395593;0,0;66353,66592;-152220,6659
10/2/2020;553,52;29309726;0,8;92115,57198;-168300,572
11/2/2020;553,44;29233541;0,0;74110,73284;-159661,7328
12/2/2020;553,35;29147990;0,0;74506,08101;-178841,081
13/2/2020;553,24;29043655;0,0;87569,41566;-134912,4157
14/2/2020;553,19;28996312;17,0;173174,9702;-192096,9702
15/2/2020;553,17;28977390;0,0;119990,4476;-195599,4476
16/2/2020;553,09;28901781;0,0;104157,7755;-160777,7755
17/2/2020;553,03;28845161;0,0;84293,95695;-169084,9569
18/2/2020;552,94;28760370;1,6;97550,85869;-200958,8587
19/2/2020;552,83;28656962;0,2;74489,96716;-158911,9672
20/2/2020;552,74;28572540;0,0;72854,92344;-175811,9234
21/2/2020;552,63;28469583;0,0;51501,48239;-172859,4824
22/2/2020;552,5;28348225;0,0;59885,1408;-171602,1408
23/2/2020;552,38;28236508;0,0;56645,09754;-158794,0975
24/2/2020;552,27;28134359;0,0;52420,47157;-182071,4716
25/2/2020;552,13;28004708;0,0;84614,35432;-287547,3543
26/2/2020;551,91;27801775;18,0;70086,94553;-143636,9455
27/2/2020;551,83;27728225;11,6;154367,6777;-43993,67769
28/2/2020;551,95;27838599;1,2;380810,7422;-260908,7422
29/2/2020;552,08;27958501;0,0;192660,466;-183423,466
1/3/2020;552,09;27967738;28,4;602063,5391;284791,4609
2/3/2020;553,04;28854593;67,2;2606991,394;175667,606
3/3/2020;555,9;31637252;5,0;1298574,921;-996723,9207
4/3/2020;556,2;31939103;2,0;525029,1641;-272023,1641
5/3/2020;556,45;32192109;6,4;434669,0598;-139509,0598
6/3/2020;556,74;32487269;4,2;885518,0969;-434247,0969
7/3/2020;557,18;32938540;12,2;550673,0255;-364862,0255
8/3/2020;557,36;33124351;0,0;391042,1173;-391042,1173
9/3/2020;557,36;33124351;0,0;312114,8666;-363798,8666
10/3/2020;557,31;33072667;0,0;231971,7178;-293921,7178
11/3/2020;557,25;33010717;0,0;224186,5173;-193221,5173
12/3/2020;557,28;33041682;0,0;194231,1882;-173577,1882
13/3/2020;557,3;33062336;0,0;189751,8356;-189751,8356
14/3/2020;557,3;33062336;0,6;185939,3669;-196267,3669
15/3/2020;557,29;33052008;0,0;181699,1936;-202349,1936
16/3/2020;557,27;33031358;0,0;124537,4897;-176124,4897
17/3/2020;557,22;32979771;0,2;116348,2841;-167881,2841
18/3/2020;557,17;32928238;0,0;122800,3761;-174280,3761
19/3/2020;557,12;32876758;0,0;108307,5279;-211105,5279
20/3/2020;557,02;32773960;0,0;101662,5847;-193996,5847
21/3/2020;556,93;32681626;0,0;95529,47388;-156989,4739
22/3/2020;556,87;32620166;1,0;71506,69498;-163550,695
23/3/2020;556,78;32528122;0,0;102251,7471;-204319,7471
24/3/2020;556,68;32426054;3,4;76001,05934;-157502,0593
25/3/2020;556,6;32344553;24,2;101065,337;-162100,337
26/3/2020;556,54;32283518;24,6;98777,70538;-180038,7054
27/3/2020;556,46;32202257;5,6;102234,7115;-163090,7115
28/3/2020;556,4;32141401;0,0;307542,3431;-114568,3431
29/3/2020;556,59;32334375;0,0;525138,9587;-106087,9587
30/3/2020;557;32753426;3,8;682266,7557;-259603,7557
31/3/2020;557,41;33176089;5,8;360827,71;-391876,71
1/4/2020;557,38;33145040;0,0;224818,8354;-255848,8354
2/4/2020;557,35;33114010;0,0;226131,5094;-246807,5094
3/4/2020;557,33;33093334;0,0;151311,8855;-182309,8855
4/4/2020;557,3;33062336;0,0;153545,8145;-194845,8145
5/4/2020;557,26;33021036;0,0;161407,7888;-182044,7888
6/4/2020;557,24;33000399;0,0;177887,1162;-188202,1162
7/4/2020;557,23;32990084;0,0;168286,6379;-199219,6379
8/4/2020;557,2;32959151;0,0;149582,7438;-190796,7438
9/4/2020;557,16;32917937;0,0;141845,4575;-183024,4575
10/4/2020;557,12;32876758;0,0;118161,3167;-179865,3167
11/4/2020;557,06;32815054;0,0;130379,9435;-171473,9435
12/4/2020;557,02;32773960;0,0;116947,0356;-168265,0356
13/4/2020;556,97;32722642;1,0;122387,2868;-173652,2868
14/4/2020;556,92;32671377;1,8;110364,1068;-182044,1068
15/4/2020;556,85;32599697;0,0;80096,61484;-172102,6148
16/4/2020;556,76;32507691;0,0;83514,53362;-195730,5336
17/4/2020;556,65;32395475;0,0;83074,62387;-184864,6239
18/4/2020;556,55;32293685;0,0;85003,64628;-196725,6463
19/4/2020;556,44;32181963;0,0;53941,33816;-165404,3382
20/4/2020;556,33;32070500;40,8;189321,1235;-6792,123505
21/4/2020;556,51;32253029;17,4;692268,2007;-181605,2007
22/4/2020;557,01;32763692;2,0;454686,1633;-248918,1633
23/4/2020;557,21;32969460;0,0;302248,2651;-230026,2651
24/4/2020;557,28;33041682;0,0;192701,9325;-192701,9325
25/4/2020;557,28;33041682;0,0;161576,8272;-213174,8272
26/4/2020;557,23;32990084;0,2;118742,4866;-170286,4866
27/4/2020;557,18;32938540;0,0;119040,5594;-211684,5594
28/4/2020;557,09;32845896;22,4;164837,1815;-72193,18147
29/4/2020;557,18;32938540;3,8;410715,7059;-245584,7059
30/4/2020;557,34;33103671;0,0;161612,8967;-182284,8967
1/5/2020;557,32;33082999;3,8;137711,1031;-209993,1031
2/5/2020;557,25;33010717;0,0;158398,0362;-189344,0362
3/5/2020;557,22;32979771;1,4;119591,7572;-171124,7572
4/5/2020;557,17;32928238;0,0;139904,3072;-222246,3072
5/5/2020;557,09;32845896;0,0;88268,14613;-170472,1461
6/5/2020;557,01;32763692;0,6;102321,5481;-194636,5481
7/5/2020;556,92;32671377;0,2;89697,33009;-212513,3301
8/5/2020;556,8;32548561;0,0;72931,11534;-195438,1153
9/5/2020;556,68;32426054;0,0;68663,80749;-180691,8075
10/5/2020;556,57;32314026;0,0;64599,12014;-186516,1201
11/5/2020;556,45;32192109;14,2;87131,03027;-168238,0303
12/5/2020;556,37;32111002;7,8;137917,9516;-178419,9516
13/5/2020;556,33;32070500;0,0;92907,79266;-194014,7927
14/5/2020;556,23;31969393;0,0;82775,82493;-193746,8249
15/5/2020;556,12;31858422;3,2;75941,25423;-156486,2542
16/5/2020;556,04;31777877;0,4;79316,32118;-169766,3212
17/5/2020;555,95;31687427;1,4;88396,60378;-168651,6038
18/5/2020;555,87;31607172;6,4;71264,01901;-161390,019
19/5/2020;555,78;31517046;4,8;72954,18663;107468,8134
20/5/2020;555,96;31697469;22,8;807250,8087;-322756,8087
21/5/2020;556,44;32181963;0,0;326465,7234;-265558,7234
22/5/2020;556,5;32242870;0,0;179433,799;-189589,799
23/5/2020;556,49;32232714;0,0;120279,8584;-171030,8584
24/5/2020;556,44;32181963;2,6;112655,7243;-173485,7243
25/5/2020;556,38;32121133;0,2;92219,72237;-183320,7224
26/5/2020;556,29;32030032;0,0;63755,55038;-174867,5504
27/5/2020;556,18;31918920;0,0;83880,0951;-184667,0951
28/5/2020;556,08;31818133;0,0;54516,11195;-114887,1119
29/5/2020;556,02;31757762;31,6;196650,4807;-206704,4807
30/5/2020;556,01;31747708;0,0;82258,62637;-152578,6264
31/5/2020;555,94;31677388;0,2;64212,44946;-134428,4495
1/6/2020;555,87;31607172;0,0;79630,73444;-199759,7344
2/6/2020;555,75;31487043;0,0;41196,03195;-151047,032
3/6/2020;555,64;31377192;0,0;40740,54909;-160284,5491
4/6/2020;555,52;31257648;25,0;97685,02235;31834,97765
5/6/2020;555,65;31387168;3,4;343471,2822;-313531,2822
6/6/2020;555,68;31417108;0,0;121699,2062;-191529,2062
7/6/2020;555,61;31347278;0,0;77946,4119;-157626,4119
8/6/2020;555,53;31267598;12,6;106848,9384;-196325,9384
9/6/2020;555,44;31178121;1,2;72918,28709;-162225,2871
10/6/2020;555,35;31088814;5,4;74281,43978;-143624,4398
11/6/2020;555,28;31019471;0,0;65122,91565;-193627,9156
12/6/2020;555,15;30890966;0,0;61752,18487;-199744,1849
13/6/2020;555,01;30752974;3,0;55836,8248;-144328,8248
14/6/2020;554,92;30664482;4,0;54834,10435;-182356,1043
15/6/2020;554,79;30536960;5,6;46226,93253;-163623,9325
16/6/2020;554,67;30419563;3,8;59906,3324;-177003,3324
17/6/2020;554,55;30302466;0,2;56398,30685;-173193,3068
18/6/2020;554,43;30185671;0,0;38192,99984;-183764,9998
19/6/2020;554,28;30040099;0,0;35999,38116;-171442,3812
20/6/2020;554,14;29904656;0,0;76579,97875;-221245,9788
21/6/2020;553,99;29759990;2,0;6935,649204;-151134,6492
22/6/2020;553,84;29615791;0,0;33744,94801;-187041,948
23/6/2020;553,68;29462494;0,0;20764,35843;-173532,3584
24/6/2020;553,52;29309726;0,0;34805,67884;-187043,6788
25/6/2020;553,36;29157488;0,0;20402,56276;-172113,5628
26/6/2020;553,2;29005777;0,0;22118,84394;-163869,8439
27/6/2020;553,05;28864026;0,0;24412,25882;-193902,2588
28/6/2020;552,87;28694536;0,0;17610,73594;-167710,7359
29/6/2020;552,71;28544436;0,0;24649,20816;-164892,2082
30/6/2020;552,56;28404193;0,0;13265,10286;-180950,1029
1/7/2020;552,38;28236508;0,0;7548,580742;-183832,5807
2/7/2020;552,19;28060224;0,0;29167,55533;-195495,5553
3/7/2020;552,01;27893896;4,0;16151,54257;-163447,5426
4/7/2020;551,85;27746600;0,4;-1541,442776;-154391,5572
5/7/2020;551,68;27590667;0,0;6107,262468;-188809,2625
6/7/2020;551,48;27407965;0,0;8127,573538;-180946,5735
7/7/2020;551,29;27235146;3,6;7951,513982;-171005,514
8/7/2020;551,11;27072092;0,0;4638,09675;-167040,0967
9/7/2020;550,93;26909690;0,0;9147,47901;-179867,479
10/7/2020;550,74;26738970;0,0;5401,452899;-184327,4529
11/7/2020;550,54;26560044;0,0;1275,751841;-170515,7518
12/7/2020;550,35;26390804;3,0;15274,13063;-174943,1306
13/7/2020;550,17;26231135;0,0;-5111,091971;-153914,908
14/7/2020;549,99;26072109;0,0;10141,66746;-177305,6675
15/7/2020;549,8;25904945;5,4;10234,30538;-167941,3054
16/7/2020;549,62;25747238;0,0;2985,583806;-168759,5838
17/7/2020;549,43;25581464;2,6;13602,20761;-152650,2076
18/7/2020;549,27;25442416;0,2;15193,45579;-171021,4558
19/7/2020;549,09;25286588;0,0;-4716,897047;-150476,103
20/7/2020;548,91;25131395;0,0;7531,359029;-187787,359
21/7/2020;548,7;24951139;0,0;1904,880917;-172777,8809
22/7/2020;548,5;24780266;0,0;8327,387381;-178420,3874
23/7/2020;548,3;24610173;11,4;17280,67746;-178149,6775
24/7/2020;548,11;24449304;10,4;25177,35786;-168520,3579
25/7/2020;547,94;24305961;0,2;-7534,7193;-168763,2807
26/7/2020;547,73;24129663;0,0;-630,3449214;-158144,6551
27/7/2020;547,54;23970888;0,0;355,1257342;-175034,1257
28/7/2020;547,33;23796209;0,0;12684,77368;-186517,7737
29/7/2020;547,12;23622376;0,0;6541,266632;-187746,2666
30/7/2020;546,9;23441171;0,0;-7776,638246;-164329,3618
31/7/2020;546,69;23269065;0,0;12820,24412;-200353,2441
1/8/2020;546,46;23081532;0,0;-4512,804329;-182016,1957
2/8/2020;546,23;22895003;0,0;8371,247935;-161704,2479
3/8/2020;546,04;22741670;0,0;1984,651959;-186685,652
4/8/2020;545,81;22556969;16,4;36456,82869;-148394,8287
5/8/2020;545,67;22445031;12,0;18618,80836;-161997,8084
6/8/2020;545,49;22301652;1,4;-7541,055536;-166874,9445
7/8/2020;545,27;22127236;0,0;-1987,812674;-155786,1873
8/8/2020;545,07;21969462;0,0;7663,287663;-203830,2877
9/8/2020;544,82;21773295;0,0;2226,410776;-189452,4108
10/8/2020;544,58;21586069;0,0;-4409,474695;-174012,5253
11/8/2020;544,35;21407647;0,0;4710,464895;-182154,4649
12/8/2020;544,12;21230203;0,0;16406,58975;-200524,5897
13/8/2020;543,88;21046085;0,0;4152,188623;-187211,1886
14/8/2020;543,64;20863026;0,0;-7587,727261;-174415,2727
15/8/2020;543,4;20681023;0,0;-2424,579084;-178525,4209
16/8/2020;543,16;20500073;0,0;12721,60406;-185146,6041
17/8/2020;542,93;20327648;0,0;-4974,331176;-196212,6688
18/8/2020;542,66;20126461;0,4;-5636,496806;-179469,5032
19/8/2020;542,41;19941355;0,0;1178,319338;-170480,3193
20/8/2020;542,18;19772053;0,0;-9355,582809;-188176,4172
21/8/2020;541,91;19574521;0,0;-7214,043188;-174519,9568
22/8/2020;541,66;19392787;0,0;7594,109201;-188211,1092
23/8/2020;541,41;19212170;0,2;7923,963618;-194583,9636
24/8/2020;541,15;19025510;0,0;-6491,403937;-171858,5961
25/8/2020;540,9;18847160;0,0;-3733,365548;-173510,6345
26/8/2020;540,65;18669916;0,0;-4652,039301;-171488,9607
27/8/2020;540,4;18493775;0,0;-801,1884928;-195173,8115
28/8/2020;540,12;18297800;0,0;6937,29136;-194611,2914
29/8/2020;539,85;18110126;0,0;-15361,48481;-143506,5152
30/8/2020;539,62;17951258;17,4;28780,8692;-179879,8692
31/8/2020;539,4;17800159;10,6;3480,524111;-119664,5241
1/9/2020;539,23;17683975;0,2;21233,92482;-177626,9248
2/9/2020;539;17527582;2,4;10043,53144;-145295,5314
3/9/2020;538,8;17392330;0,0;7256,472731;-155239,4727
4/9/2020;538,58;17244347;0,2;750,1666009;-154571,1666
5/9/2020;538,35;17090526;0,0;7953,935695;-154240,9357
6/9/2020;538,13;16944239;0,0;-2825,303364;-142636,6966
7/9/2020;537,91;16798777;0,0;4792,165196;-155986,1652
8/9/2020;537,68;16647583;0,0;-15932,95498;-140879,045
9/9/2020;537,44;16490771;0,2;3246,029305;-152611,0293
10/9/2020;537,21;16341406;0,0;10905,5254;-152942,5254
11/9/2020;536,99;16199369;0,0;-10423,8749;-143600,1251
12/9/2020;536,75;16045345;0,0;2998,534691;-156058,5347
13/9/2020;536,51;15892285;0,0;-290,5703813;-145490,4296
14/9/2020;536,28;15746504;0,0;-1143,653584;-143757,3464
15/9/2020;536,05;15601603;0,0;-211,980886;-143814,0191
16/9/2020;535,82;15457577;0,2;15654,77085;-165010,7709
17/9/2020;535,58;15308221;0,0;-11273,12365;-137133,8764
18/9/2020;535,34;15159814;0,0;-5937,103343;-135400,8967
19/9/2020;535,11;15018476;0,0;6822,216225;-159469,2162
20/9/2020;534,86;14865829;19,8;19082,45373;-140466,4537
21/9/2020;534,66;14744445;14,4;10370,83154;-125082,8315
22/9/2020;534,47;14629733;4,2;10675,26891;-136783,2689
23/9/2020;534,26;14503625;1,8;-10339,68594;-126960,3141
24/9/2020;534,03;14366325;15,8;38240,87534;3455,12466
25/9/2020;534,1;14408021;34,8;197429,7134;-286682,7134
26/9/2020;533,95;14318768;1,4;9485,096812;-139736,0968
27/9/2020;533,73;14188517;21,0;49595,03689;-96767,03689
28/9/2020;533,65;14141345;0,4;46258,14571;-169595,1457
29/9/2020;533,44;14018008;0,2;11996,55662;-169539,5566
30/9/2020;533,17;13860465;0,2;-1635,66218;-137429,3378
1/10/2020;532,93;13721400;0,4;4880,516839;-148769,5168
2/10/2020;532,68;13577511;0,0;7838,424754;-133643,4248
3/10/2020;532,46;13451706;29,0;79728,72562;-130974,7256
4/10/2020;532,37;13400460;15,4;31342,25864;8504,741356
5/10/2020;532,44;13440307;28,2;212133,9111;-291751,9111
6/10/2020;532,3;13360689;0,6;37012,8931;-116321,8931
7/10/2020;532,16;13281380;20,2;116617,1059;-167440,1059
8/10/2020;532,07;13230557;0,2;38111,97224;-139375,9722
9/10/2020;531,89;13129293;0,2;20193,50624;-154427,5062
10/10/2020;531,65;12995059;0,2;10879,61526;-138678,6153
11/10/2020;531,42;12867260;61,8;234171,4005;55939,59955
12/10/2020;531,94;13157371;22,0;427259,5093;-257968,5093
13/10/2020;532,24;13326662;0,2;149628,1448;-194910,1448
14/10/2020;532,16;13281380;20,6;92679,12941;-24718,12941
15/10/2020;532,28;13349341;11,4;362886,2045;-209148,2045
16/10/2020;532,55;13503079;0,8;182178,7262;-199316,7262
17/10/2020;532,52;13485941;1,8;90446,23032;-170240,2303
18/10/2020;532,38;13406147;0,4;61013,11054;-157491,1105
19/10/2020;532,21;13309669;0,2;38274,28493;-168081,2849
20/10/2020;531,98;13179862;0,4;20820,53161;-172148,5316
21/10/2020;531,71;13028534;0,2;15973,98891;-177247,9889
22/10/2020;531,42;12867260;0,2;15263,84768;-175234,8477
23/10/2020;531,13;12707289;0,2;16377,01807;-175049,0181
24/10/2020;530,84;12548617;11,0;17459,61771;-164027,6177
25/10/2020;530,57;12402049;0,2;18622,6347;-164074,6347
26/10/2020;530,3;12256597;16,2;56890,80162;-89061,80162
27/10/2020;530,24;12224426;1,4;228583,8638;-158809,8638
28/10/2020;530,37;12294200;0,2;130868,0969;-157735,0969
29/10/2020;530,32;12267333;0,2;88353,93219;-125902,9322
30/10/2020;530,25;12229784;0,2;65404,23603;-124260,236
31/10/2020;530,14;12170928;0,2;63961,68823;-138602,6882
1/11/2020;530;12096287;0,2;45562,20646;-119906,2065
2/11/2020;529,86;12021943;0,2;34236,93295;-108283,9329
3/11/2020;529,72;11947896;0,0;41900,90361;-120907,9036
4/11/2020;529,57;11868889;1,4;37513,46798;-116182,468
5/11/2020;529,42;11790220;0,2;47196,76094;-141151,7609
6/11/2020;529,24;11696265;0,0;20404,24933;-103512,2493
7/11/2020;529,08;11613157;0,4;26314,67199;-109039,672
8/11/2020;528,92;11530432;0,2;25776,46465;-102983,4647
9/11/2020;528,77;11453225;0,2;27944,54012;-109930,5401
10/11/2020;528,61;11371239;0,2;31857,72429;-113462,7243
11/11/2020;528,45;11289634;0,2;23546,30527;-109836,3053
12/11/2020;528,28;11203344;1,2;23624,58801;-94365,58801
13/11/2020;528,14;11132603;0,0;18430,3319;-103942,3319
14/11/2020;527,97;11047091;1,8;22603,18651;-97702,18651
15/11/2020;527,82;10971992;0,2;18070,18805;-92838,18805
16/11/2020;527,67;10897224;23,8;169261,2865;-9356,286545
17/11/2020;527,99;11057129;5,4;321023,9479;-164678,9479
18/11/2020;528,3;11213474;0,0;165878,294;-135454,294
19/11/2020;528,36;11243898;0,2;106513,9206;-106513,9206
20/11/2020;528,36;11243898;30,6;542217,6865;-16816,68646
21/11/2020;529,38;11769299;0,0;319473,6809;-204109,6809
22/11/2020;529,6;11884663;0,0;164981,583;-154457,583
23/11/2020;529,62;11895187;0,0;122833,3042;-112303,3042
24/11/2020;529,64;11905717;0,0;94071,91429;-104601,9143
25/11/2020;529,62;11895187;0,0;82910,99281;-109208,9928
26/11/2020;529,57;11868889;0,0;66041,3126;-108040,3126
27/11/2020;529,49;11826890;0,2;61903,7447;-98573,7447
28/11/2020;529,42;11790220;0,2;55902,25868;-92498,25868
29/11/2020;529,35;11753624;4,4;61123,63644;-97645,63644
30/11/2020;529,28;11717102;0,0;55346,19427;-96996,19427
1/12/2020;529,2;11675452;4,4;62361,94668;-88343,94668
2/12/2020;529,15;11649470;24,4;160727,0519;-51349,05193
3/12/2020;529,36;11758848;1,4;221115,7494;-111074,7494
4/12/2020;529,57;11868889;10,4;262834,7168;1285803,283
5/12/2020;532,4;13417527;89,0;3167167,236;-275640,2363
6/12/2020;537,16;16309054;32,0;2610878,906;-1044329,906
7/12/2020;539,51;17875603;2,0;873039,743;-219727,743
8/12/2020;540,45;18528915;14,6;1019836,176;106087,8245
9/12/2020;542,02;19654839;11,8;1275737,146;-287337,146
10/12/2020;543,35;20643239;5,0;801624,9573;-199269,9573
11/12/2020;544,14;21245594;0,0;572317,5613;-224062,5613
12/12/2020;544,59;21593849;0,6;391553,8055;-180798,8055
13/12/2020;544,86;21804604;0,0;288364,0457;-154971,0457
14/12/2020;545,03;21937997;0,0;232143,2076;-161304,2076
15/12/2020;545,12;22008836;0,0;197354,5052;-150045,5052
16/12/2020;545,18;22056145;0,4;161371,8533;-121895,8533
17/12/2020;545,23;22095621;0,0;157303,0048;-165202,0048
18/12/2020;545,22;22087722;0,0;145173,8411;-153070,8411
19/12/2020;545,21;22079825;0,2;123509,705;-139297,705
20/12/2020;545,19;22064037;0,0;114808,3271;-138477,3271
21/12/2020;545,16;22040368;0,2;127315,9115;-158847,9115
22/12/2020;545,12;22008836;0,0;85103,70255;-124477,7025
23/12/2020;545,07;21969462;0,0;103509,6989;-111378,6989
24/12/2020;545,06;21961593;2,4;142787,2295;-166383,2295
25/12/2020;545,03;21937997;9,0;176476,4099;-81991,40991
26/12/2020;545,15;22032482;28,0;282899,4461;-180237,4461
27/12/2020;545,28;22135144;0,0;182728,3379;-127317,3379
28/12/2020;545,35;22190555;64,8;2300046,515;349381,4851
29/12/2020;548,57;24839983;23,6;1714740,271;-110552,271
30/12/2020;550,41;26444171;3,8;1303956,876;-558339,8756
31/12/2020;551,24;27189788;3,8;596658,4305;-223235,4305
1/1/2021;551,65;27563211;9,8;717870,7397;29871,26025
2/1/2021;552,46;28310953;13,2;1231308,847;-89331,84705
3/1/2021;553,67;29452930;0,4;968859,7504;-391378,7504
4/1/2021;554,27;30030411;2,6;528941,478;-188616,478
5/1/2021;554,62;30370736;12,6;435717,5262;-191060,5262
6/1/2021;554,87;30615393;9,4;389294,7144;-172911,7144
7/1/2021;555,09;30831776;0,0;324958,2825;-186730,2825
8/1/2021;555,23;30970004;1,0;318560,3256;-239387,3256
9/1/2021;555,31;31049177;2,2;218914,8926;-139606,8926
10/1/2021;555,39;31128485;22,2;242344,8784;-192708,8784
11/1/2021;555,44;31178121;1,0;209362,8021;-189493,8021
12/1/2021;555,46;31197990;0,0;190652,8725;-180714,8725
13/1/2021;555,47;31207928;0,0;185391,0736;-185391,0736
14/1/2021;555,47;31207928;0,0;372134,0424;-93019,04236
15/1/2021;555,75;31487043;0,0;352210,8307;-232081,8307
16/1/2021;555,87;31607172;0,0;273933,49;-193678,49
17/1/2021;555,95;31687427;0,0;226824,5132;-196693,5132
18/1/2021;555,98;31717558;0,0;199465,7753;-189417,7753
19/1/2021;555,99;31727606;0,0;172365,992;-172365,992
20/1/2021;555,99;31727606;1,0;170720,4838;-180768,4838
21/1/2021;555,98;31717558;3,6;238855,3871;124208,6129
22/1/2021;556,34;32080622;42,2;1113064,206;-110687,2059
23/1/2021;557,32;33082999;47,4;1252845,648;-1076862,648
24/1/2021;557,49;33258982;15,6;912066,9708;-1005311,971
25/1/2021;557,4;33165737;25,2;569694,9326;-590391,9326
26/1/2021;557,38;33145040;0,0;324974,453;-397347,453
27/1/2021;557,31;33072667;0,0;211225,8911;-335048,8911
28/1/2021;557,19;32948844;0,0;261684,1599;-261684,1599
29/1/2021;557,19;32948844;0,6;494562,8265;-329396,8265
30/1/2021;557,35;33114010;9,8;248791,4497;-269467,4497
31/1/2021;557,33;33093334;7,4;371491,095;-371491,095
1/2/2021;557,33;33093334;1,2;257691,7763;-319667,7763
2/2/2021;557,27;33031358;0,2;292706,6391;-282382,6391
3/2/2021;557,28;33041682;0,0;323590,2992;-282273,2992
4/2/2021;557,32;33082999;0,0;334513,2774;-375830,2774
5/2/2021;557,28;33041682;0,0;230484,8351;-271767,8351
6/2/2021;557,24;33000399;0,2;292386,113;-282068,113
7/2/2021;557,25;33010717;39,8;625172,3602;-459800,3602
8/2/2021;557,41;33176089;15,6;440158,3786;-378001,3786
9/2/2021;557,47;33238246;21,6;668750,2762;-679115,2762
10/2/2021;557,46;33227881;25,0;717877,3315;-790371,3315
11/2/2021;557,39;33155387;1,4;358863,6841;-420916,6841
12/2/2021;557,33;33093334;6,8;270030,6725;-270030,6725
13/2/2021;557,33;33093334;15,4;294876,8028;-346528,8028
14/2/2021;557,28;33041682;0,0;240887,1849;-302798,1849
15/2/2021;557,22;32979771;0,0;251391,6458;-302924,6458
16/2/2021;557,17;32928238;0,0;277026,7319;-163582,7319
17/2/2021;557,28;33041682;0,0;312323,9296;-239995,9296
18/2/2021;557,35;33114010;0,2;215382,1632;-236058,1632
19/2/2021;557,33;33093334;0,0;169167,8169;-200165,8169
20/2/2021;557,3;33062336;0,0;206298,2346;-175300,2346
21/2/2021;557,33;33093334;0,0;211474,2165;-211474,2165
22/2/2021;557,33;33093334;0,2;190128,2684;-200463,2684
23/2/2021;557,32;33082999;0,2;203828,2677;-286428,2677
24/2/2021;557,24;33000399;0,0;194170,1729;-204485,1729
25/2/2021;557,23;32990084;0,0;184301,017;-204925,017
26/2/2021;557,21;32969460;0,0;162189,1022;-182805,1022
27/2/2021;557,19;32948844;0,0;150793,317;-181700,317
28/2/2021;557,16;32917937;0,0;166014,8781;-207193,8781
1/3/2021;557,12;32876758;0,0;126993,9949;-209248,9949
2/3/2021;557,04;32794503;0,0;127332,3292;-188934,3292
3/3/2021;556,98;32732901;0,0;110847,7798;-172371,7798
4/3/2021;556,92;32671377;0,0;108317,8276;-179997,8276
5/3/2021;556,85;32599697;0,0;87453,09105;-169245,091
6/3/2021;556,77;32517905;5,0;102616,3559;-174071,3559
7/3/2021;556,7;32446450;0,0;86380,5748;-167914,5748
8/3/2021;556,62;32364916;0,0;75119,03057;-187006,0306
9/3/2021;556,51;32253029;4,2;114371,2498;-185437,2498
10/3/2021;556,44;32181963;0,2;66335,14194;-167676,1419
11/3/2021;556,34;32080622;0,0;87513,45749;-188641,4575
12/3/2021;556,24;31979494;0,0;64262,86125;-185334,8613
13/3/2021;556,12;31858422;0,0;75032,63683;-145516,6368
14/3/2021;556,05;31787938;16,8;93951,00632;-174377,0063
15/3/2021;555,97;31707512;0,0;90548,95935;-170837,9594
16/3/2021;555,89;31627223;0,0;77854,61082;-188031,6108
17/3/2021;555,78;31517046;0,0;80191,9796;-190111,9796
18/3/2021;555,67;31407126;2,8;64587,327;-174251,327
19/3/2021;555,56;31297462;0,0;68170,95737;-177578,9574
20/3/2021;555,45;31188054;0,6;47646,42448;-176617,4245
21/3/2021;555,32;31059083;0,0;65903,77064;-174754,7706
22/3/2021;555,21;30950232;0,0;45546,49429;-183715,4943
23/3/2021;555,07;30812063;0,0;62002,78645;-170274,7864
24/3/2021;554,96;30703791;0,0;45947,38884;-153966,3888
25/3/2021;554,85;30595772;0,0;56386,50341;-173934,5034
26/3/2021;554,73;30478224;0,0;69824,08218;-177312,0822
27/3/2021;554,62;30370736;0,0;37800,92955;-164505,9295
28/3/2021;554,49;30244031;0,0;44991,87183;-161636,8718
29/3/2021;554,37;30127386;0,0;61014,56795;-167675,5679
30/3/2021;554,26;30020725;0,0;57818,24684;-164226,2468
31/3/2021;554,15;29914317;0,0;84026,90678;-161256,9068
1/4/2021;554,07;29837087;0,0;63184,35574;-178780,3557
2/4/2021;553,95;29721491;0,0;60085,08339;-117770,0834
3/4/2021;553,89;29663806;0,8;145382,9041;-183798,9041
4/4/2021;553,85;29625390;0,0;110593,8721;-158566,8721
5/4/2021;553,8;29577417;0,0;73755,08995;-159975,09
6/4/2021;553,71;29491197;13,2;84104,20589;-151049,2059
7/4/2021;553,64;29424252;0,2;75972,69402;-152355,694
8/4/2021;553,56;29347869;0,0;53739,63947;-139513,6395
9/4/2021;553,47;29262095;0,0;48096,24252;-162201,2425
10/4/2021;553,35;29147990;2,6;72511,21273;-138935,2127
11/4/2021;553,28;29081566;10,0;163858,8352;16670,16478
12/4/2021;553,47;29262095;37,2;1414862,952;174540,0483
13/4/2021;555,11;30851498;6,6;1052919,498;-497291,4977
14/4/2021;555,67;31407126;0,0;457390,5716;-247320,5716
15/4/2021;555,88;31617196;0,2;298499,6338;-208183,6338
16/4/2021;555,97;31707512;0,0;211891,0858;-161641,0858
17/4/2021;556,02;31757762;0,0;178472,097;-168415,097
18/4/2021;556,03;31767819;0,0;150155,4268;-160212,4268
19/4/2021;556,02;31757762;0,0;130834,0256;-181084,0256
20/4/2021;555,97;31707512;0,0;110584,2213;-160781,2213
21/4/2021;555,92;31657315;0,0;111178,1525;-151297,1525
22/4/2021;555,88;31617196;5,0;102271,9963;-172398,9963
23/4/2021;555,81;31547069;0,2;90811,14807;-150837,1481
24/4/2021;555,75;31487043;0,0;88235,22835;-168152,2283
25/4/2021;555,67;31407126;0,0;97036,69853;-166852,6985
26/4/2021;555,6;31337310;4,6;74640,10563;-124444,1056
27/4/2021;555,55;31287506;9,6;118896,8582;-158702,8582
28/4/2021;555,51;31247700;14,2;145367,1867;-75685,18674
29/4/2021;555,58;31317382;6,2;357548,6206;-177888,6206
30/4/2021;555,76;31497042;3,6;271727,8748;-181640,8748
1/5/2021;555,85;31587129;18,0;455364,9948;220696,0052
2/5/2021;556,52;32263190;2,6;996398,6298;-475358,6298
3/5/2021;557,03;32784230;0,0;427118,5684;-221264,5684
4/5/2021;557,23;32990084;0,0;260922,2923;-229970,2923
5/5/2021;557,26;33021036;0,0;166644,1784;-166644,1784
6/5/2021;557,26;33021036;0,0;146736,0558;-177688,0558
7/5/2021;557,23;32990084;0,0;141021,3284;-223466,3284
8/5/2021;557,15;32907639;0,0;148212,2269;-209955,2269
9/5/2021;557,09;32845896;0,2;111535,4279;-173201,4279
10/5/2021;557,03;32784230;0,0;108590,8619;-190690,8619
11/5/2021;556,95;32702130;9,0;109922,0753;-150921,0753
12/5/2021;556,91;32661131;6,2;156653,1979;-197618,1979
13/5/2021;556,87;32620166;2,4;140051,1497;-191208,1497
14/5/2021;556,82;32569009;7,2;132584,7759;-163253,7759
15/5/2021;556,79;32538340;1,0;144364,6671;-175013,6671
16/5/2021;556,76;32507691;2,0;157395,8565;-198231,8565
17/5/2021;556,72;32466855;0,2;111989,9734;-173178,9734
18/5/2021;556,66;32405666;0,2;103683,2485;-113874,2485
19/5/2021;556,65;32395475;18,8;509894,4809;-141677,4809
20/5/2021;557,01;32763692;0,0;282459,5879;-210538,5879
21/5/2021;557,08;32835613;0,0;177817,9024;-177817,9024
22/5/2021;557,08;32835613;0,2;134414,1953;-165250,1953
23/5/2021;557,05;32804777;0,0;125613,2607;-156430,2607
24/5/2021;557,02;32773960;10,8;121996,5374;-121996,5374
25/5/2021;557,02;32773960;0,2;124007,3238;-134275,3238
26/5/2021;557,01;32763692;0,0;87538,48572;-138845,4857
27/5/2021;556,96;32712385;0,0;81993,1572;-143492,1572
28/5/2021;556,9;32650886;0,0;75873,94581;-157750,9458
29/5/2021;556,82;32569009;0,0;61586,00464;-143326,0046
30/5/2021;556,74;32487269;0,0;76905,71651;-168699,7165
31/5/2021;556,65;32395475;0,0;39444,28253;-131064,2825
1/6/2021;556,56;32303855;0,0;59637,43343;-161235,4334
2/6/2021;556,46;32202257;0,0;30249,3825;-131633,3825
3/6/2021;556,36;32100873;0,0;71014,17961;-192393,1796
4/6/2021;556,24;31979494;0,0;16720,96567;-147868,9657
5/6/2021;556,11;31848346;0,0;46081,14052;-156771,1405
6/6/2021;556;31737656;2,0;41630,10693;-152063,1069
7/6/2021;555,89;31627223;5,0;60482,66144;-160653,6614
8/6/2021;555,79;31527052;23,6;290935,2997;-100429,2997
9/6/2021;555,98;31717558;0,2;149203,7361;-229509,7361
10/6/2021;555,9;31637252;0,0;67713,25493;-167906,2549
11/6/2021;555,8;31537059;0,0;50394,7197;-180327,7197
12/6/2021;555,67;31407126;0,2;68229,53167;-197804,5317
13/6/2021;555,54;31277551;0,0;27280,12304;-166423,123
14/6/2021;555,4;31138408;0,0;32092,81454;-160926,8145
15/6/2021;555,27;31009574;0,0;17750,79746;-116611,7975
16/6/2021;555,17;30910713;0,0;35057,9361;-192796,9361
17/6/2021;555,01;30752974;0,0;30032,24201;-157799,242
18/6/2021;554,88;30625207;0,0;31597,21184;-178580,2118
19/6/2021;554,73;30478224;0,0;45871,93336;-202134,9334
20/6/2021;554,57;30321961;0,0;12222,37973;-158232,3797
21/6/2021;554,42;30175951;0,0;21680,72376;-176906,7238
22/6/2021;554,26;30020725;0,0;17266,93125;-181609,9312
23/6/2021;554,09;29856382;0,0;21650,85468;-175778,8547
24/6/2021;553,93;29702254;0,0;27465,17229;-181060,1723
25/6/2021;553,77;29548659;0,0;1322,960114;-173484,9601
26/6/2021;553,59;29376497;0,0;22581,14004;-194073,14
27/6/2021;553,41;29205005;0,0;11598,79575;-172948,7957
28/6/2021;553,24;29043655;0,0;10157,37963;-180350,3796
29/6/2021;553,06;28873462;0,0;31756,68182;-182480,6818
30/6/2021;552,9;28722738;0,0;2418,61605;-180720,6161
1/7/2021;552,71;28544436;0,0;-2343,065625;-165892,9344
2/7/2021;552,53;28376200;0,0;9386,222434;-176961,2224
3/7/2021;552,35;28208625;0,0;-5129,01535;-171038,9846
4/7/2021;552,16;28032457;0,0;8920,906591;-165922,9066
5/7/2021;551,99;27875455;0,0;3942,975354;-160357,9754
6/7/2021;551,82;27719040;0,0;21955,53989;-196079,5399
7/7/2021;551,63;27544916;0,0;809,5088661;-174203,5089
8/7/2021;551,44;27371522;0,0;10220,41304;-182887,413
9/7/2021;551,25;27198855;0,0;-1091,481748;-188904,5183
10/7/2021;551,04;27008859;0,0;6587,012672;-186714,0127
11/7/2021;550,84;26828732;0,0;-711,8129969;-169666,187
12/7/2021;550,65;26658354;0,0;1066,485947;-179632,4859
13/7/2021;550,45;26479788;12,2;20646,51461;-171800,5146
14/7/2021;550,28;26328634;0,2;2804,232466;-162223,2325
15/7/2021;550,1;26169215;0,0;-1575,601673;-148396,3983
16/7/2021;549,93;26019243;10,4;22075,49;-162702,49
17/7/2021;549,77;25878616;9,4;14633,15692;-146011,1569
18/7/2021;549,62;25747238;0,0;93,77276637;-157160,7728
19/7/2021;549,44;25590171;0,0;4938,619602;-178709,6196
20/7/2021;549,24;25416400;0,0;5072,957075;-178057,9571
21/7/2021;549,04;25243415;0,0;4895,269203;-177096,2692
22/7/2021;548,84;25071214;0,0;710,7611418;-172129,7611
23/7/2021;548,64;24899795;0,0;9803,674364;-188953,6744
24/7/2021;548,43;24720645;0,0;4630,354285;-182922,3543
25/7/2021;548,22;24542353;0,2;-2425,667793;-175010,3322
26/7/2021;548,01;24364917;0,0;-4677,934635;-171904,0654
27/7/2021;547,8;24188335;0,0;4818,828177;-180549,8282
28/7/2021;547,59;24012604;0,0;-3410,889888;-179777,1101
29/7/2021;547,37;23829416;0,0;6542,619109;-180536,6191
30/7/2021;547,16;23655422;0,0;-3789,648163;-185806,3518
31/7/2021;546,93;23465826;0,0;-7086,204171;-148773,7958
1/8/2021;546,74;23309966;32,0;35442,54169;-182464,5417
2/8/2021;546,56;23162944;0,0;14133,62103;-201098,621
3/8/2021;546,33;22975979;0,0;-1466,54461;-168364,4554
4/8/2021;546,12;22806148;0,0;10068,83583;-179065,8358
5/8/2021;545,91;22637151;3,0;-6150,338316;-162013,6617
6/8/2021;545,7;22468987;0,0;-1611,240345;-157774,7597
7/8/2021;545,5;22309601;0,0;8453,310657;-198725,3107
8/8/2021;545,26;22119329;0,0;-13662,18395;-151940,816
9/8/2021;545,05;21953726;0,0;15705,41439;-196136,4144
10/8/2021;544,82;21773295;0,0;-2864,530993;-176581,469
11/8/2021;544,59;21593849;0,0;6337,228632;-200275,2286
12/8/2021;544,34;21399911;0,0;5265,567577;-182666,5676
13/8/2021;544,11;21222510;0,0;-2593,36465;-189126,6353
14/8/2021;543,86;21030790;0,0;-1371,186125;-151177,8139
15/8/2021;543,66;20878241;0,0;-2766,282642;-179324,7174
16/8/2021;543,42;20696150;0,0;-6904,597592;-174133,4024
17/8/2021;543,18;20515112;0,0;-7645,618558;-172341,3814
18/8/2021;542,94;20335125;0,0;5032,85172;-176539,8517
19/8/2021;542,71;20163618;0,0;-7894,478846;-170046,5212
20/8/2021;542,47;19985677;0,0;10143,68877;-187044,6888
21/8/2021;542,23;19808776;0,0;-19167,66944;-149388,3306
22/8/2021;542;19640220;0,0;-1619,618493;-158720,3815
23/8/2021;541,78;19479880;0,0;7533,144093;-181461,1441
24/8/2021;541,54;19305952;0,0;-4870,655537;-168029,3445
25/8/2021;541,3;19133052;0,0;-8277,930236;-149314,0698
26/8/2021;541,08;18975460;0,0;8587,566376;-165320,5664
27/8/2021;540,86;18818727;1,4;-4183,674109;-137558,3259
28/8/2021;540,66;18676985;17,4;29493,0665;-163495,0665
29/8/2021;540,47;18542983;0,2;3107,830095;-143474,8301
30/8/2021;540,27;18402616;0,0;450,7057428;-161006,7057
31/8/2021;540,04;18242060;9,4;12448,09599;-158234,096
1/9/2021;539,83;18096274;0,2;-12134,86719;-146652,1328
2/9/2021;539,6;17937487;0,2;15144,29154;-186696,2915
3/9/2021;539,35;17765935;0,0;-6298,734856;-157371,2651
4/9/2021;539,11;17602265;1,2;1059,887472;-156976,8875
5/9/2021;538,88;17446348;0,0;11173,38924;-172897,3892
6/9/2021;538,64;17284624;0,0;1395,765513;-162131,7655
7/9/2021;538,4;17123888;0,0;-10126,53337;-149623,4666
8/9/2021;538,16;16964138;0,0;-115,0138903;-158651,9861
9/9/2021;537,92;16805371;0,0;7427,177739;-171768,1777
10/9/2021;537,67;16641030;0,2;-6287,177968;-150483,822
11/9/2021;537,43;16484259;0,2;8449,011827;-164248,0118
12/9/2021;537,19;16328460;0,0;-8049,770379;-146779,2296
13/9/2021;536,95;16173631;0,0;4132,004786;-157995,0048
14/9/2021;536,71;16019768;0,0;-13566,13684;-139332,8632
15/9/2021;536,47;15866869;0,0;7038,473511;-165288,4735
16/9/2021;536,22;15708619;0,0;-5140,737033;-133260,263
17/9/2021;536;15570218;7,0;16139,58464;-147501,5846
18/9/2021;535,79;15438856;0,4;18261,25875;-173696,2587
19/9/2021;535,54;15283421;9,2;4232,979333;-109340,9793
20/9/2021;535,37;15178313;1,0;-803,8697898;-140647,1302
21/9/2021;535,14;15036862;0,4;-90,19356631;-128303,8064
22/9/2021;534,93;14908468;0,2;-984,2298657;-138813,7701
23/9/2021;534,7;14768670;0,0;16933,75711;-161892,7571
24/9/2021;534,46;14623711;0,0;6584,335399;-156590,3354
25/9/2021;534,21;14473705;0,2;2204,127574;-157141,1276
26/9/2021;533,95;14318768;14,8;2833,227682;-121275,2277
27/9/2021;533,75;14200326;0,0;-3226,865458;-138057,1345
28/9/2021;533,51;14059042;0,0;8129,749346;-154321,7493
29/9/2021;533,26;13912850;0,0;2806,472325;-153790,4723
30/9/2021;533;13761866;0,2;1059,880149;-139477,8801
1/10/2021;532,76;13623448;0,2;-12136,52158;-136788,4784
2/10/2021;532,5;13474523;1,6;14695,9116;-145549,9116
3/10/2021;532,27;13343669;0,2;-7783,835793;-110967,1642
4/10/2021;532,06;13224918;9,8;14154,2294;-143422,2294
5/10/2021;531,83;13095650;8,4;38220,46137;-144384,4614
6/10/2021;531,64;12989486;14,0;27338,3832;45239,6168
7/10/2021;531,77;13062064;114,2;755973,7976;-38805,79761
8/10/2021;533,03;13779232;25,8;726159,1003;-334575,1003
9/10/2021;533,7;14170816;3,0;208971,27;-185366,27
10/10/2021;533,74;14194421;0,6;91084,17206;-132376,1721
11/10/2021;533,67;14153129;2,8;63029,52576;-145378,5258
12/10/2021;533,53;14070780;0,2;36613,7495;-130341,7495
13/10/2021;533,37;13977052;4,6;47637,02087;-152594,0209
14/10/2021;533,19;13872095;0,2;26895,87278;-131337,8728
15/10/2021;533,01;13767653;0,0;24896,87948;-123063,8795
16/10/2021;532,84;13669486;0,4;10402,66657;-113845,6666
17/10/2021;532,66;13566043;0,2;18537,81681;-110057,8168
18/10/2021;532,5;13474523;0,0;11235,36758;-130744,3676
19/10/2021;532,29;13355014;0,2;19800,05579;-127330,0558
20/10/2021;532,1;13247484;0,2;2161,448425;-109126,4484
21/10/2021;531,91;13140519;0,0;15080,49016;-121481,4902
22/10/2021;531,72;13034118;4,6;15982,99727;-149580,9973
23/10/2021;531,48;12900520;0,2;10052,67112;-142757,6711
24/10/2021;531,24;12767815;0,0;24674,20549;-140061,2055
25/10/2021;531,03;12652428;0,0;-10800,98104;-114794,019
26/10/2021;530,8;12526833;0,0;13461,66844;-138245,6684
27/10/2021;530,57;12402049;0,0;90,59471078;-129435,5947
28/10/2021;530,33;12272704;0,2;3825,008261;-137626,0083
29/10/2021;530,08;12138903;0,2;15338,55772;-142894,5577
30/10/2021;529,84;12011347;0,2;6462,925315;-138406,9253
31/10/2021;529,59;11879403;0,0;5319,723952;-115423,724
1/11/2021;529,38;11769299;23,2;105639,8483;-21810,84833
2/11/2021;529,54;11853128;3,4;178331,7535;-215053,7535
3/11/2021;529,47;11816406;5,8;65250,20428;-7511,204277
4/11/2021;529,58;11874145;23,4;312214,6294;-196187,6294
5/11/2021;529,8;11990172;0,2;138441,1137;-149019,1137
6/11/2021;529,78;11979594;7,6;101627,6173;-69874,61726
7/11/2021;529,84;12011347;15,2;263681,4743;-141458,4743
8/11/2021;530,07;12133570;12,8;159277,3716;-73778,3716
9/11/2021;530,23;12219069;3,2;301612,1155;-151051,1155
10/11/2021;530,51;12369630;0,0;192154,1954;-148916,1954
11/11/2021;530,59;12412868;0,4;123804,4098;-134623,4098
12/11/2021;530,57;12402049;0,0;90233,37708;-117252,3771
13/11/2021;530,52;12375030;1,6;70676,82381;-108439,8238
14/11/2021;530,45;12337267;2,2;89930,47371;-106092,4737
15/11/2021;530,42;12321105;1,0;95555,47028;-95555,47028
16/11/2021;530,42;12321105;17,2;157338,9816;-535,9816284
17/11/2021;530,71;12477908;0,0;301695,8313;-176418,8313
18/11/2021;530,94;12603185;1,0;156819,136;-113053,136
19/11/2021;531,02;12646951;0,2;104283,2874;-109759,2874
20/11/2021;531,01;12641475;0,2;86715,04669;-92190,04669
21/11/2021;531;12636000;0,0;78283,01067;-105632,0107
22/11/2021;530,95;12608651;2,0;69122,7253;-101891,7253
23/11/2021;530,89;12575882;5,2;76591,67404;-92955,67404
24/11/2021;530,86;12559518;0,0;80168,13583;-101964,1358
25/11/2021;530,82;12537722;12,2;112841,2525;-74681,25252
26/11/2021;530,89;12575882;2,8;171048,0343;-105455,0343
27/11/2021;531,01;12641475;20,2;275247,8531;139749,1469
28/11/2021;531,76;13056472;18,4;780066,8976;-287686,8976
29/11/2021;532,63;13548852;5,4;323804,718;-145480,718
30/11/2021;532,94;13727176;0,0;201945,6505;-149889,6505
1/12/2021;533,03;13779232;4,0;177901,3298;-73402,3298
2/12/2021;533,21;13883731;33,8;1162278,067;150817,933
3/12/2021;535,4;15196827;8,4;760296,9452;-311513,9452
4/12/2021;536,12;15645610;20,0;530151,1551;288969,8449
5/12/2021;537,4;16464731;5,0;1139787,598;-473952,5977
6/12/2021;538,41;17130566;1,8;441756,9717;-173246,9717
7/12/2021;538,81;17399076;0,0;273319,4847;-144813,4847
8/12/2021;539;17527582;27,8;646548,9395;347752,0605
9/12/2021;540,44;18521883;9,6;1074782,84;-456430,84
10/12/2021;541,31;19140235;10,0;485916,3666;-131731,3666
11/12/2021;541,8;19494420;9,6;379975,1083;-153680,1083
12/12/2021;542,11;19720715;0,0;275694,3649;-106682,3649
13/12/2021;542,34;19889727;0,0;239703,0716;-121567,0716
14/12/2021;542,5;20007863;0,0;247254,6135;-136082,6135
15/12/2021;542,65;20119035;0,0;237153,1586;-125573,1586
16/12/2021;542,8;20230615;0,0;204007,8323;-159261,8323
17/12/2021;542,86;20275361;0,0;170843,6371;-148445,6371
18/12/2021;542,89;20297759;0,0;149022,4411;-141553,4411
19/12/2021;542,9;20305228;0,0;130631,0291;-145568,0291
20/12/2021;542,88;20290291;0,0;102389,9071;-132241,9071
21/12/2021;542,84;20260439;0,0;105890,4087;-135714,4087
22/12/2021;542,8;20230615;0,4;122295,2282;-166976,2282
23/12/2021;542,74;20185934;0,2;86754,61807;-131369,6181
24/12/2021;542,68;20141319;6,2;198519,976;107655,024
25/12/2021;543,09;20447494;44,8;1469395,734;194535,2664
26/12/2021;545,25;22111425;5,2;1513822,961;-486746,9614
27/12/2021;546,53;23138501;1,2;669310,2905;-243192,2905
28/12/2021;547,05;23564619;1,0;421770,8908;-148667,8908
29/12/2021;547,38;23837722;0,2;356145,0211;-164564,0211
30/12/2021;547,61;24029303;0,0;266025,9911;-157289,9911
31/12/2021;547,74;24138039;0,0;224336,6043;-140471,6043
1/1/2022;547,84;24221904;0,0;175630,6206;-125219,6206
2/1/2022;547,9;24272315;0,0;174025,2296;-165616,2296
3/1/2022;547,91;24280724;0,0;151242,1051;-142832,1051
4/1/2022;547,92;24289134;0,0;133336,7867;-124923,7867
5/1/2022;547,93;24297547;38,6;411770,0638;353306,9362
6/1/2022;548,83;25062624;10,6;1040135,367;-503879,3668
7/1/2022;549,45;25598880;0,0;416306,0028;-154112,0028
8/1/2022;549,75;25861074;0,0;322754,5212;-173389,5212
9/1/2022;549,92;26010439;16,0;293726,0399;-170289,0399
10/1/2022;550,06;26133876;3,6;195249,4766;-142228,4766
11/1/2022;550,12;26186897;0,0;182541,893;-173698,893
12/1/2022;550,13;26195740;0,0;165100,8842;-165100,8842
13/1/2022;550,13;26195740;0,0;147024,107;-173549,107
14/1/2022;550,1;26169215;0,0;145510,9188;-154348,9188
15/1/2022;550,09;26160377;0,0;186370,8618;-133313,8618
16/1/2022;550,15;26213434;0,0;238927,9381;-159209,9381
17/1/2022;550,24;26293152;0,0;196294,6678;-178557,6678
18/1/2022;550,26;26310889;0,0;158131,8615;-158131,8615
19/1/2022;550,26;26310889;0,0;156201,6907;-147329,6907
20/1/2022;550,27;26319761;4,6;162384,4769;-162384,4769
21/1/2022;550,27;26319761;0,0;166157,8171;-157284,8171
22/1/2022;550,28;26328634;0,0;139426,8757;-166040,8757
23/1/2022;550,25;26302020;0,0;124915,4778;-169233,4778
24/1/2022;550,2;26257702;0,0;102264,1891;-164226,1891
25/1/2022;550,13;26195740;0,0;105118,6432;-149316,6432
26/1/2022;550,08;26151542;0,0;96081,18668;-175514,1867
27/1/2022;549,99;26072109;0,0;91918,50815;-135978,5081
28/1/2022;549,94;26028049;0,0;77711,28559;-165682,2856
29/1/2022;549,84;25940078;0,0;75276,28098;-154280,281
30/1/2022;549,75;25861074;0,0;75835,62584;-154680,6258
31/1/2022;549,66;25782229;0,0;69237,96844;-156654,9684
1/2/2022;549,56;25694812;0,0;50261,75594;-146193,7559
2/2/2022;549,45;25598880;0,0;85023,45772;-172026,4577
3/2/2022;549,35;25511877;0,0;41569,62461;-154380,6246
4/2/2022;549,22;25399066;0,0;75494,01627;-153399,0163
5/2/2022;549,13;25321161;3,0;66331,70185;-135446,7019
6/2/2022;549,05;25252046;0,0;66539,89964;-161368,8996
7/2/2022;548,94;25157217;0,0;51134,54075;-145727,5407
8/2/2022;548,83;25062624;0,0;76508,97789;-170863,9779
9/2/2022;548,72;24968269;0,0;50894,30065;-170641,3007
10/2/2022;548,58;24848522;0,0;55942,58194;-149761,5819
11/2/2022;548,47;24754703;0,0;25281,79407;-118865,7941
12/2/2022;548,36;24661119;5,0;68103,30906;-178398,3091
13/2/2022;548,23;24550824;1,0;38715,27357;-140235,2736
14/2/2022;548,11;24449304;17,0;103052,8873;23890,11266
15/2/2022;548,26;24576247;37,2;1154180,786;-53075,78613
16/2/2022;549,54;25677352;2,2;647799,8566;-358702,8566
17/2/2022;549,87;25966449;0,0;357830,9555;-172737,9555
18/2/2022;550,08;26151542;0,0;235076,4954;-173184,4954
19/2/2022;550,15;26213434;0,0;199519,8692;-164109,8692
20/2/2022;550,19;26248844;0,2;179000,5737;-161283,5737
21/2/2022;550,21;26266561;1,2;139892,6788;-157609,6788
22/2/2022;550,19;26248844;0,2;127706,3828;-163116,3828
23/2/2022;550,15;26213434;0,0;100492,9527;-144711,9527
24/2/2022;550,1;26169215;0,0;100219,6815;-153216,6815
25/2/2022;550,04;26116218;14,6;116422,0093;-125247,0093
26/2/2022;550,03;26107393;19,0;164154,8172;-181800,8172
27/2/2022;550,01;26089747;0,2;131777,6207;-167045,6207
28/2/2022;549,97;26054479;0,0;137946,5023;-164376,5023
1/3/2022;549,94;26028049;0,0;142785,1696;-151591,1696
2/3/2022;549,93;26019243;0,0;124661,8996;-151067,8996
3/3/2022;549,9;25992837;0,0;122271,92;-148659,92
4/3/2022;549,87;25966449;6,8;125030,2162;-151401,2162
5/3/2022;549,84;25940078;0,0;127367,9455;-153719,9455
6/3/2022;549,81;25913726;0,0;114463,1229;-149573,1229
7/3/2022;549,77;25878616;0,0;101992,4938;-154596,4938
8/3/2022;549,71;25826012;0,0;95600,32539;-156882,3254
9/3/2022;549,64;25764730;0,0;84941,83273;-137392,8327
10/3/2022;549,58;25712279;0,0;76343,81218;-137445,8122
11/3/2022;549,51;25651177;0,0;78642,99488;-139648,9949
12/3/2022;549,44;25590171;0,0;72152,18124;-141755,1812
13/3/2022;549,36;25520568;0,0;70101,78223;-139578,7822
14/3/2022;549,28;25451091;0,0;64839,76707;-134190,7671
15/3/2022;549,2;25381740;0,0;67904,95777;-137129,9578
16/3/2022;549,12;25312515;0,0;84525,17452;-136362,1745
17/3/2022;549,06;25260678;0,0;76995,94688;-137382,9469
18/3/2022;548,99;25200291;0,0;80453,11775;-140744,1178
19/3/2022;548,92;25140000;0,0;71604,88186;-131799,8819
20/3/2022;548,85;25079805;0,0;57303,33996;-125979,34
21/3/2022;548,77;25011129;0,0;56225,77171;-133338,7717
22/3/2022;548,68;24934016;0,0;61821,89312;-147315,8931
23/3/2022;548,58;24848522;0,0;36947,55964;-105203,5596
24/3/2022;548,5;24780266;0,0;54582,3904;-131220,3904
25/3/2022;548,41;24703628;0,0;47907,64503;-107406,645
26/3/2022;548,34;24644129;0,0;55888,02452;-166133,0245
27/3/2022;548,21;24533884;0,0;44621,93813;-112301,9381
28/3/2022;548,13;24466204;0,0;25642,48896;-93198,48896
29/3/2022;548,05;24398648;0,0;52728,34454;-136998,3445
30/3/2022;547,95;24314378;13,4;55946,02718;62086,97282
31/3/2022;548,09;24432411;62,0;1749026,843;67406,15674
1/4/2022;550,19;26248844;2,8;789789,9628;-353425,9628
2/4/2022;550,68;26685208;4,4;393527,9663;-169045,9663
3/4/2022;550,93;26909690;1,0;316159,9434;-135672,9434
4/4/2022;551,13;27090177;0,4;246022,8333;-119203,8333
5/4/2022;551,27;27216996;0,0;226139,9551;-135312,9551
6/4/2022;551,37;27307823;6,2;201591,568;-92333,56799
7/4/2022;551,49;27417081;0,0;179853,8406;-134243,8406
8/4/2022;551,54;27462691;0,0;184942,8108;-130143,8108
9/4/2022;551,6;27517490;11,6;133641,3071;-69618,30707
10/4/2022;551,67;27581513;1,8;160537,1979;-114745,1979
11/4/2022;551,72;27627305;0,0;142369,2272;-124038,2272
12/4/2022;551,74;27645636;0,0;134251,7693;-134251,7693
13/4/2022;551,74;27645636;0,0;129470,7184;-129470,7184
14/4/2022;551,74;27645636;0,2;95623,73657;-95623,73657
15/4/2022;551,74;27645636;0,0;97146,44165;-115477,4417
16/4/2022;551,72;27627305;0,0;101163,2458;-128644,2458
17/4/2022;551,69;27599824;0,0;84853,5593;-112316,5593
18/4/2022;551,66;27572361;0,0;78068,33439;-105513,3344
19/4/2022;551,63;27544916;0,0;77757,47452;-123458,4745
20/4/2022;551,58;27499215;0,0;72999,42799;-91265,42799
21/4/2022;551,56;27480949;29,8;136930,6961;193098,3039
22/4/2022;551,92;27810978;25,8;1199737,93;-231517,9303
23/4/2022;552,96;28779198;5,0;525338,8138;-232451,8138
24/4/2022;553,27;29072085;34,2;1182323,804;165154,1963
25/4/2022;554,67;30419563;0,0;855912,1948;-364762,1948
26/4/2022;555,17;30910713;0,0;418373,1903;-170826,1903
27/4/2022;555,42;31158260;0,0;310389,8346;-201051,8346
28/4/2022;555,53;31267598;0,0;204408,1398;-134696,1398
29/4/2022;555,6;31337310;0,0;180184,4398;-130326,4398
30/4/2022;555,65;31387168;0,0;170933,4503;-180909,4503
1/5/2022;555,64;31377192;1,4;129197,0764;-129197,0764
2/5/2022;555,64;31377192;1,0;125902,177;-145847,177
3/5/2022;555,62;31357247;0,0;112811,404;-172596,404
4/5/2022;555,56;31297462;9,4;120085,627;-159899,627
5/5/2022;555,52;31257648;17,2;130214,716;-130214,716
6/5/2022;555,52;31257648;17,6;369952,6108;9651,389221
7/5/2022;555,9;31637252;7,0;774996,5698;-230285,5698
8/5/2022;556,44;32181963;7,4;472425,0595;-207938,0595
9/5/2022;556,7;32446450;2,6;353162,3566;-189681,3566
10/5/2022;556,86;32609931;0,2;252828,1837;-150374,1837
11/5/2022;556,96;32712385;0,2;165178,8116;-124137,8116
12/5/2022;557;32753426;0,0;196155,7045;-165351,7045
13/5/2022;557,03;32784230;0,0;126967,2672;-178296,2672
14/5/2022;556,98;32732901;0,0;112967,815;-164242,815
15/5/2022;556,93;32681626;0,0;108741,9376;-159963,9376
16/5/2022;556,88;32630404;0,0;100892,498;-182735,498
17/5/2022;556,8;32548561;0,0;86095,20664;-167801,2066
18/5/2022;556,72;32466855;0,2;73943,84708;-165698,8471
19/5/2022;556,63;32375100;0,0;80079,27532;-161494,2753
20/5/2022;556,55;32293685;0,0;61344,72942;-162920,7294
21/5/2022;556,45;32192109;0,0;50986,54976;-172595,5498
22/5/2022;556,33;32070500;0,0;65836,86905;-177042,869
23/5/2022;556,22;31959294;0,0;55835,0069;-186927,0069
24/5/2022;556,09;31828202;0,0;33994,04068;-154684,0407
25/5/2022;555,97;31707512;0,0;56010,2766;-166373,2766
26/5/2022;555,86;31597149;0,0;52173,42854;-162279,4285
27/5/2022;555,75;31487043;0,0;36017,48543;-165813,4854
28/5/2022;555,62;31357247;2,0;27337,76007;-146831,7601
29/5/2022;555,5;31237753;8,4;56937,62398;-156282,624
30/5/2022;555,4;31138408;0,4;44532,75833;-163469,7583
31/5/2022;555,28;31019471;0,0;28813,33122;-157318,3312
1/6/2022;555,15;30890966;0,0;41066,97693;-169215,9769
2/6/2022;555,02;30762817;0,0;39804,7431;-187228,7431
3/6/2022;554,87;30615393;0,0;27720,80011;-174671,8001
4/6/2022;554,72;30468442;0,0;24701,99146;-161431,9915
5/6/2022;554,58;30331712;0,0;21863,72595;-177624,7259
6/6/2022;554,42;30175951;0,0;22554,52051;-158406,5205
7/6/2022;554,28;30040099;0,0;21855,77459;-157298,7746
8/6/2022;554,14;29904656;0,0;15395,52269;-140799,5227
9/6/2022;554,01;29779252;3,2;23669,42253;-129506,4225
10/6/2022;553,9;29673415;0,0;23494,80944;-148250,8094
11/6/2022;553,77;29548659;0,0;21449,48173;-164964,4817
12/6/2022;553,62;29405144;0,2;20932,72347;-154459,7235
13/6/2022;553,48;29271617;0,0;13587,99405;-165694,9941
14/6/2022;553,32;29119510;0,0;22268,77384;-173847,7738
15/6/2022;553,16;28967931;0,0;19650,53144;-170702,5314
16/6/2022;553;28816879;0,0;14606,88372;-174523,8837
17/6/2022;552,83;28656962;0,0;10643,468;-151254,468
18/6/2022;552,68;28516351;0,0;13136,08131;-181262,0813
19/6/2022;552,5;28348225;0,0;16712,05516;-165602,0552
20/6/2022;552,34;28199335;0,0;15278,26724;-182156,2672
21/6/2022;552,16;28032457;0,0;284,4721243;-157286,4721
22/6/2022;551,99;27875455;0,0;12779,25911;-169194,2591
23/6/2022;551,82;27719040;0,0;8548,968959;-173526,969
24/6/2022;551,64;27554062;0,0;14628,91088;-188060,9109
25/6/2022;551,45;27380630;0,0;-10488,7996;-162216,2004
26/6/2022;551,26;27207925;0,0;22663,76152;-194641,7615
27/6/2022;551,07;27035947;0,0;6427,864552;-168685,8646
28/6/2022;550,89;26873689;0,0;4524,791229;-157172,7912
29/6/2022;550,72;26721041;0,0;7461,802053;-159531,8021
30/6/2022;550,55;26568971;0,0;4800,072455;-174077,0725
1/7/2022;550,36;26399694;0,0;5283,195484;-164989,1955
2/7/2022;550,18;26239988;0,0;3275,204444;-171154,2044
3/7/2022;549,99;26072109;0,0;6092,96844;-155693,9684
4/7/2022;549,82;25922508;0,0;-1828,485274;-164696,5147
5/7/2022;549,63;25755983;0,0;2456,130713;-159559,1307
6/7/2022;549,45;25598880;0,0;4262,013495;-160726,0135
7/7/2022;549,27;25442416;17,0;22694,98758;-152595,9876
8/7/2022;549,12;25312515;0,2;6355,919981;-161653,92
9/7/2022;548,94;25157217;0,0;-76,16871279;-154587,8313
10/7/2022;548,76;25002553;0,0;2859,261096;-165429,2611
11/7/2022;548,57;24839983;0,0;4431,188357;-157795,1884
12/7/2022;548,39;24686619;0,0;4690,192223;-165891,1922
13/7/2022;548,2;24525418;0,0;85,11360995;-152156,1136
14/7/2022;548,02;24373347;0,0;-3154,404616;-156684,5954
15/7/2022;547,83;24213508;0,0;1053,884608;-168550,8846
16/7/2022;547,63;24046011;0,0;-10207,26485;-148201,7351
17/7/2022;547,44;23887602;0,0;7346,611047;-165061,611
18/7/2022;547,25;23729887;0,0;-12896,28282;-152371,7172
19/7/2022;547,05;23564619;0,0;13857,29728;-178359,2973
20/7/2022;546,85;23400117;0,0;-1450,731057;-154119,2689
21/7/2022;546,66;23244547;0,0;3079,947567;-190481,9476
22/7/2022;546,43;23057145;0,0;-2737,990701;-151315,0093
23/7/2022;546,24;22903092;0,0;3489,651883;-172962,6519
24/7/2022;546,03;22733619;0,0;-11310,47287;-165339,5271
25/7/2022;545,81;22556969;0,4;9957,43382;-177726,4338
26/7/2022;545,6;22389200;0,0;-3741,115737;-171128,8843
27/7/2022;545,38;22214330;0,0;-3621,279573;-162452,7204
28/7/2022;545,17;22048256;0,4;2649,382854;-183595,3829
29/7/2022;544,94;21867310;0,0;-362,0974526;-163987,9025
30/7/2022;544,73;21702960;7,8;9195,855975;-172726,856
31/7/2022;544,52;21539429;0,0;-11016,76326;-143966,2367
1/8/2022;544,32;21384446;0,0;7665,358543;-184981,3585
2/8/2022;544,09;21207130;0,0;2382,210857;-171076,2109
3/8/2022;543,87;21038436;0,0;-7489,355636;-167920,6444
4/8/2022;543,64;20863026;0,0;-2308,959997;-172131,04
5/8/2022;543,41;20688586;0,0;483,3813652;-166434,3814
6/8/2022;543,19;20522635;0,0;-2760,288548;-177271,7115
7/8/2022;542,95;20342603;0,0;2719,631517;-159388,6315
8/8/2022;542,74;20185934;5,4;11611,32016;-182283,3202
9/8/2022;542,51;20015262;7,6;-2363,730812;-152633,2692
10/8/2022;542,3;19860265;0,0;3253,598285;-172099,5983
11/8/2022;542,07;19691419;0,0;-4508,69894;-163387,3011
12/8/2022;541,84;19523523;2,4;15456,63457;-160682,6346
13/8/2022;541,64;19378297;0,0;-7015,503931;-151907,4961
14/8/2022;541,42;19219374;0,0;1250,351536;-159311,3515
15/8/2022;541,2;19061313;0,2;3503,977776;-174953,9778
16/8/2022;540,96;18889863;0,0;-7007,691622;-163422,3084
17/8/2022;540,72;18719433;0,0;1522,864723;-170935,8647
18/8/2022;540,48;18550020;19,0;-159,2378911;-154244,7621
19/8/2022;540,26;18395616;38,0;54578,53317;-152394,5332
20/8/2022;540,12;18297800;0,2;14355,07965;-160434,0797
21/8/2022;539,91;18151721;0,0;15180,39193;-160489,3919
22/8/2022;539,7;18006412;0,0;-69,28578392;-165058,7142
23/8/2022;539,46;17841284;0,0;-4654,350615;-159472,6494
24/8/2022;539,22;17677157;0,0;-11366,46838;-172086,5316
25/8/2022;538,95;17493704;0,0;-7454,024506;-168014,9755
26/8/2022;538,69;17318235;0,0;20436,66244;-161314,6624
27/8/2022;538,48;17177357;9,2;7914,45508;-154690,4551
28/8/2022;538,26;17030581;2,2;-705,0716132;-145243,9284
29/8/2022;538,04;16884632;1,0;3014,601231;-161291,6012
30/8/2022;537,8;16726355;16,2;18794,91363;-163022,9136
31/8/2022;537,58;16582127;0,0;-1964,533299;-147944,4667
1/9/2022;537,35;16432218;4,8;5430,939603;-141524,9396
2/9/2022;537,14;16296124;0,2;-2838,583839;-145365,4162
3/9/2022;536,91;16147920;2,0;3937,713182;-144867,7132
4/9/2022;536,69;16006990;0,2;1071,086365;-147542,0864
5/9/2022;536,46;15860519;0,2;2189,702225;-154089,7022
6/9/2022;536,22;15708619;0,0;-5058,429694;-152152,5703
7/9/2022;535,97;15551408;0,0;1203,103754;-151153,1038
8/9/2022;535,73;15401458;0,0;2587,02246;-157775,0225
9/9/2022;535,48;15246270;0,0;-3655,121434;-156650,8786
10/9/2022;535,22;15085964;0,0;-3719,054461;-149376,9455
11/9/2022;534,97;14932868;0,0;-2493,75481;-143518,2452
12/9/2022;534,73;14786856;0,0;-2918,921685;-130103,0783
13/9/2022;534,51;14653834;0,0;1167,816961;-145387,817
14/9/2022;534,27;14509614;0,0;-1719,262612;-129664,7374
15/9/2022;534,05;14378230;15,6;25484,94501;-138325,945
16/9/2022;533,86;14265389;0,0;-2107,006073;-139598,9939
17/9/2022;533,62;14123683;31,4;47370,1973;-117878,1973
18/9/2022;533,5;14053175;0,0;7920,107031;-124921,107
19/9/2022;533,3;13936174;0,0;5267,060709;-133233,0607
20/9/2022;533,08;13808208;0,0;-14505,60822;-129976,3918
21/9/2022;532,83;13663726;0,0;-6281,811833;-114319,1882
22/9/2022;532,62;13543125;0,2;4133,107173;-141111,1072
23/9/2022;532,38;13406147;0,2;-3027,462959;-133044,537
24/9/2022;532,14;13270075;71,0;151013,4727;59142,52725
25/9/2022;532,51;13480231;3,4;211235,2844;-273939,2844
26/9/2022;532,4;13417527;0,0;19146,62848;-138324,6285
27/9/2022;532,19;13298349;4,6;2896,86588;-121383,8659
28/9/2022;531,98;13179862;1,0;12273,36445;-130071,3644
29/9/2022;531,77;13062064;27,4;33842,34953;61464,65047
30/9/2022;531,94;13157371;12,8;288213,4026;-276971,4026
1/10/2022;531,96;13168613;0,0;54506,55899;-127469,559
2/10/2022;531,83;13095650;0,0;33020,89577;-144756,8958
3/10/2022;531,63;12983914;0,2;29862,81223;-113256,8122
4/10/2022;531,48;12900520;0,2;4274,241471;-120440,2415
5/10/2022;531,27;12784354;0,2;6538,861656;-132984,8617
6/10/2022;531,04;12657908;0,2;6356,565642;-137431,5656
7/10/2022;530,8;12526833;0,2;419,0223902;-125203,0224
8/10/2022;530,57;12402049;0,4;6151,739717;-130124,7397
9/10/2022;530,34;12278076;1,8;5506,915212;-123335,9152
10/10/2022;530,12;12160247;2,4;11458,26945;-117937,2695
11/10/2022;529,92;12053768;0,2;10796,02046;-132496,0205
12/10/2022;529,69;11932068;0,2;6431,298208;-122093,2982
13/10/2022;529,47;11816406;0,0;-341,4376169;-114592,5624
14/10/2022;529,25;11701472;0,4;-107,5889256;-124446,4111
15/10/2022;529,01;11576918;0,2;-935,4921699;-117620,5078
16/10/2022;528,78;11458362;0,2;1752,428555;-119521,4286
17/10/2022;528,55;11340593;0,4;1960,817206;-113874,8172
18/10/2022;528,33;11228679;0,2;3109,532762;-114306,5328
19/10/2022;528,11;11117482;0,4;-600,4373789;-99869,56262
20/10/2022;527,91;11017012;0,0;2299,217141;-122087,2171
21/10/2022;527,67;10897224;0,0;-9959,789872;-99105,21013
22/10/2022;527,45;10788159;0,0;5483,211136;-108931,2111
23/10/2022;527,24;10684711;0,0;-6864,544702;-100822,4553
24/10/2022;527,02;10577024;0,0;-6029,94082;-100956,0592
25/10/2022;526,8;10470038;0,0;5689,150071;-126416,1501
26/10/2022;526,55;10349311;0,2;-876,6128272;-104618,3872
27/10/2022;526,33;10243816;0,0;-226,6715728;-114068,3284
28/10/2022;526,09;10129521;0,2;1915,740967;-115388,741
29/10/2022;525,85;10016048;0,0;3255,620563;-115908,6206
30/10/2022;525,61;9903395;0,0;-1798,207265;-100750,7927
31/10/2022;525,39;9800846;0,0;-5193,273783;-101285,7262
1/11/2022;525,16;9694367;0,0;751,9613206;-111067,9613
2/11/2022;524,92;9584051;0,0;-3389,568257;-92474,43174
3/11/2022;524,71;9488187;0,6;645,7746908;-86849,77469
4/11/2022;524,52;9401983;15,2;26396,04464;-130075,0446
5/11/2022;524,29;9298304;3,6;4020,802331;-98044,80233
6/11/2022;524,08;9204280;0,0;5510,18343;-112219,1834
7/11/2022;523,84;9097571;0,0;-2873,679686;-89846,32031
8/11/2022;523,63;9004851;0,2;-10275,20735;-99316,79265
9/11/2022;523,38;8895259;0,0;9981,167507;-114386,1675
10/11/2022;523,14;8790854;3,4;131,7171894;-103753,7172
11/11/2022;522,9;8687232;0,6;360,2153465;-98932,21535
12/11/2022;522,67;8588660;0,2;3132,675183;-105228,6752
13/11/2022;522,43;8486564;5,0;9051,285768;-106167,2858
14/11/2022;522,2;8389448;0,2;-414,094153;-83457,90585
15/11/2022;522;8305576;5,2;9480,990458;-76194,99046
16/11/2022;521,84;8238862;4,8;54007,49302;-78937,49302
17/11/2022;521,78;8213932;0,2;35005,23777;-80585,23777
18/11/2022;521,67;8168352;5,6;45992,12036;-79040,12036
19/11/2022;521,59;8135304;28,6;82067,20676;29811,79324
20/11/2022;521,86;8247183;1,6;228642,1806;-182784,1806
21/11/2022;521,97;8293041;0,8;61911,35101;-20082,35101
22/11/2022;522,07;8334870;54,8;738748,938;6245,062012
23/11/2022;523,8;9079864;0,4;335387,9677;-197576,9677
24/11/2022;524,11;9217675;0,0;123152,0382;-105273,0382
25/11/2022;524,15;9235554;0,2;65246,33675;-74189,33675
26/11/2022;524,13;9226611;3,2;60520,95566;-73922,95566
27/11/2022;524,1;9213209;0,2;53279,92344;-71130,92344
28/11/2022;524,06;9195358;2,2;41488,13095;-72675,13095
29/11/2022;523,99;9164171;8,2;50000,93193;-58898,93193
30/11/2022;523,97;9155273;2,8;77969,08665;-77969,08665
1/12/2022;523,97;9155273;0,4;65807,87029;-70254,87029
2/12/2022;523,96;9150826;0,0;47249,04728;-65022,04728
3/12/2022;523,92;9133053;4,2;70098,05374;-56770,05374
4/12/2022;523,95;9146381;3,2;124262,7045;-26142,70447
5/12/2022;524,17;9244501;23,0;424552,9587;43777,04132
6/12/2022;525,2;9712831;18,2;560272,0825;-77010,08252
7/12/2022;526,23;10196093;5,2;492239,2593;-189186,2593
8/12/2022;526,86;10499146;4,6;227344,4;-22124,40002
9/12/2022;527,28;10704366;25,0;689049,3851;29020,61493
10/12/2022;528,71;11422436;17,4;742785,1776;-137977,1776
11/12/2022;529,87;12027244;9,4;586020,2591;-119062,2591
12/12/2022;530,74;12494202;0,2;358901,9989;-123826,9989
13/12/2022;531,17;12729277;4,2;217974,3462;-118724,3462
14/12/2022;531,35;12828527;1,8;160963,7386;-44537,73863
15/12/2022;531,56;12944953;43,8;826042,868;1210752,132
16/12/2022;535,05;14981748;81,6;3907181,47;-834166,4697
17/12/2022;539,77;18054763;1,6;1209411,227;-445447,2274
18/12/2022;540,86;18818727;0,0;511979,5898;-154525,5898
19/12/2022;541,36;19176181;0,0;320465,9935;-89361,9935
20/12/2022;541,68;19407285;0,0;236691,7328;-76746,73279
21/12/2022;541,9;19567230;0,0;190963,5933;-66774,59329
22/12/2022;542,07;19691419;0,0;164394,3569;-83760,35692
23/12/2022;542,18;19772053;0,0;137199,7856;-48987,78561
24/12/2022;542,3;19860265;0,2;132777,4933;-66447,49329
25/12/2022;542,39;19926595;0,0;122968,0447;-56492,04466
26/12/2022;542,48;19993071;0,0;113294,7578;-54082,75784
27/12/2022;542,56;20052283;0,0;94699,86534;-57632,86534
28/12/2022;542,61;20089350;0,2;85568,58902;-48457,58902
29/12/2022;542,66;20126461;2,2;93530,91316;-63808,91316
30/12/2022;542,7;20156183;1,8;84950,81406;-47756,81406
31/12/2022;542,75;20193377;0,8;119032,9685;-59429,96852
1/1/2023;542,83;20252980;0,2;111801,1494;-59553,14937
2/1/2023;542,9;20305228;0,2;92579,56238;-55204,56238
3/1/2023;542,95;20342603;0,0;80640,64407;-58193,64407
4/1/2023;542,98;20365050;0,2;71786,7485;-64300,7485
5/1/2023;542,99;20372536;0,2;75063,77277;-67576,77277
6/1/2023;543;20380023;0,2;57277,14787;-57277,14787
7/1/2023;543;20380023;0,2;67107,61299;-59617,61299
8/1/2023;543,01;20387513;15,8;80929,16908;265556,8309
9/1/2023;543,47;20733999;25,2;917545,2484;-267098,2484
10/1/2023;544,32;21384446;0,0;411145,9442;-170605,9442
11/1/2023;544,63;21624986;0,4;232987,2459;-115957,2459
12/1/2023;544,78;21742016;0,0;178785,0838;-100532,0838
13/1/2023;544,88;21820269;0,0;147095,3911;-76508,39108
14/1/2023;544,97;21890856;0,2;120762,3161;-112910,3161
15/1/2023;544,98;21898708;2,2;95337,48779;-48184,48779
16/1/2023;545,04;21945861;19,6;190738,5452;125332,4548
17/1/2023;545,44;22261932;52,4;1903141,077;258893,9233
18/1/2023;548,08;24423967;13,4;1424014,343;-431581,3433
19/1/2023;549,24;25416400;8,4;653709,1553;-217804,1553
20/1/2023;549,74;25852305;9,8;405687,6068;-132946,6068
21/1/2023;550,05;26125046;8,2;308658,3138;-113943,3138
22/1/2023;550,27;26319761;32,0;305163,8786;-118402,8786
23/1/2023;550,48;26506522;37,2;287018,763;-135186,763
24/1/2023;550,65;26658354;22,0;224968,1602;-99496,16025
25/1/2023;550,79;26783826;18,6;457775,3677;-69942,36774
26/1/2023;551,22;27171659;1,8;453157,5668;-198617,5668
27/1/2023;551,5;27426199;0,0;313937,9929;-158623,9929
28/1/2023;551,67;27581513;0,4;252895,4201;-142910,4201
29/1/2023;551,79;27691498;0,4;225589,9315;-152103,9315
30/1/2023;551,87;27764984;0,0;209209,3369;-264335,3369
31/1/2023;551,81;27709858;0,0;238910,2844;-156194,2844
1/2/2023;551,9;27792574;0,0;315488,9397;-94106,93967
2/2/2023;552,14;28013956;0,0;448171,2433;-179106,2433
3/2/2023;552,43;28283021;0,0;453849,6643;-98683,66431
4/2/2023;552,81;28638187;0,0;645971,9101;-164648,9101
5/2/2023;553,32;29119510;0,0;542324,556;-247137,556
6/2/2023;553,63;29414697;0,0;354411,7905;-201279,7905
7/2/2023;553,79;29567829;0,0;259903,3241;-173533,3241
8/2/2023;553,88;29654199;4,0;221348,4398;-173293,4398
9/2/2023;553,93;29702254;9,4;197192,0586;-177955,0586
10/2/2023;553,95;29721491;0,0;162247,0997;-171866,0997
11/2/2023;553,94;29711872;0,0;143490,2756;-162723,2756
12/2/2023;553,92;29692639;0,0;142386,1084;-171219,1084
13/2/2023;553,89;29663806;0,0;135141,497;-163956,497
14/2/2023;553,86;29634991;0,0;145647,3072;-184038,3072
15/2/2023;553,82;29596600;0,0;183347,7814;-135353,7814
16/2/2023;553,87;29644594;0,0;280479,9065;-155453,9065
17/2/2023;554;29769620;0,0;297161,8904;-200749,8904
18/2/2023;554,1;29866032;0,0;273445,5734;-118752,5734
19/2/2023;554,26;30020725;0,0;489322,1832;-129550,1832
20/2/2023;554,63;30380497;0,0;442284,1507;-217199,1507
21/2/2023;554,86;30605582;0,2;362766,8518;-175990,8518
22/2/2023;555,05;30792358;0,0;310666,7725;-192311,7725
23/2/2023;555,17;30910713;0,0;270334,1011;-181369,1011
24/2/2023;555,26;30999678;0,8;229276,9913;-179777,9913
25/2/2023;555,31;31049177;1,8;260450,3197;-61927,31967
26/2/2023;555,51;31247700;38,6;951514,5081;-128714,5081
27/2/2023;556,33;32070500;19,8;546622,6547;-252206,6547
28/2/2023;556,62;32364916;4,6;377387,1277;-183519,1277
1/3/2023;556,81;32558784;27,0;372992,6239;-209134,6239
2/3/2023;556,97;32722642;4,4;351791,51;-146195,51
3/3/2023;557,17;32928238;1,0;507379,9988;-290577,9988
4/3/2023;557,38;33145040;0,0;492588,1714;-502934,1714
5/3/2023;557,37;33134694;0,0;389254,7104;-378908,7104
6/3/2023;557,38;33145040;2,2;492067,131;-440308,131
7/3/2023;557,43;33196799;2,8;562458,4167;-593520,4167
8/3/2023;557,4;33165737;1,6;522095,1553;-532445,1553
9/3/2023;557,39;33155387;0,0;447481,5765;-447481,5765
10/3/2023;557,39;33155387;19,0;553278,598;-553278,598
11/3/2023;557,39;33155387;0,0;442047,6288;-452394,6288
12/3/2023;557,38;33145040;0,2;407205,2856;-417551,2856
13/3/2023;557,37;33134694;0,0;305129,3335;-398141,3335
14/3/2023;557,28;33041682;4,6;280590,6075;-239273,6075
15/3/2023;557,32;33082999;7,4;313195,7565;-323527,7565
16/3/2023;557,31;33072667;0,0;270024,2661;-301009,2661
17/3/2023;557,28;33041682;0,0;243129,4258;-232803,4258
18/3/2023;557,29;33052008;0,0;204703,2875;-184044,2875
19/3/2023;557,31;33072667;4,2;192032,309;-140348,309
20/3/2023;557,36;33124351;14,8;485211,8271;-454175,8271
21/3/2023;557,39;33155387;0,0;317517,3386;-389905,3386
22/3/2023;557,32;33082999;0,0;281106,0036;-322423,0036
23/3/2023;557,28;33041682;0,0;263861,451;-253535,451
24/3/2023;557,29;33052008;0,0;193538,5963;-214188,5963
25/3/2023;557,27;33031358;0,0;184961,9682;-184961,9682
26/3/2023;557,27;33031358;5,4;178189,4943;-178189,4943
27/3/2023;557,27;33031358;0,2;182201,4885;-202842,4885
28/3/2023;557,25;33010717;0,4;151459,2533;-192716,2533
29/3/2023;557,21;32969460;0,0;134521,6003;-196342,6003
30/3/2023;557,15;32907639;0,0;131237,4744;-192980,4744
31/3/2023;557,09;32845896;5,4;153687,1777;-174251,1777
1/4/2023;557,07;32825332;8,0;173290,7181;-204119,7181
2/4/2023;557,04;32794503;6,6;159582,0774;-190393,0774
3/4/2023;557,01;32763692;0,0;147513,0741;-198820,0741
4/4/2023;556,96;32712385;0,0;115611,2389;-177110,2389
5/4/2023;556,9;32650886;0,0;117027,1465;-178447,1465
6/4/2023;556,84;32589466;0,0;92100,45204;-173875,452
7/4/2023;556,76;32507691;5,0;122300,3677;-193740,3677
8/4/2023;556,69;32436251;1,2;98993,90602;-190691,906
9/4/2023;556,6;32344553;3,2;104280,8464;-165315,8464
10/4/2023;556,54;32283518;0,0;76817,0929;-178372,0929
11/4/2023;556,44;32181963;0,0;93822,73407;-185038,7341
12/4/2023;556,35;32090747;0,0;86862,07466;-177906,0747
13/4/2023;556,26;31999703;5,0;76928,87535;-157711,8754
14/4/2023;556,18;31918920;3,2;105155,4131;-175729,4131
15/4/2023;556,11;31848346;3,6;105898,1335;-156243,1335
16/4/2023;556,06;31798001;0,0;116141,4047;-176486,4047
17/4/2023;556;31737656;0,2;98704,20685;-179045,2068
18/4/2023;555,92;31657315;0,0;94546,34857;-174750,3486
19/4/2023;555,84;31577111;0,0;82384,87988;-142449,8799
20/4/2023;555,78;31517046;4,4;97393,12935;-187346,1293
21/4/2023;555,69;31427093;7,2;109609,6241;-179455,6241
22/4/2023;555,62;31357247;0,2;92528,66135;-162269,6613
23/4/2023;555,55;31287506;0,0;85306,2252;-154945,2252
24/4/2023;555,48;31217867;5,2;87562,61787;-186865,6179
25/4/2023;555,38;31118564;7,0;115593,441;-165166,441
26/4/2023;555,33;31068991;0,2;97815,08675;-167128,0867
27/4/2023;555,26;30999678;0,0;88797,44682;-158007,4468
28/4/2023;555,19;30930468;0,2;88213,77411;-167183,7741
29/4/2023;555,11;30851498;0,0;71818,69297;-150654,693
30/4/2023;555,03;30772662;0,0;92446,00639;-200626,0064
1/5/2023;554,92;30664482;31,2;187824,3736;167164,6264
2/5/2023;555,28;31019471;55,6;1767353,851;120814,1487
3/5/2023;557,15;32907639;18,4;1133337,772;-906282,7716
4/5/2023;557,37;33134694;0,0;318440,1901;-370135,1901
5/5/2023;557,32;33082999;0,0;288152,1606;-308815,1606
6/5/2023;557,3;33062336;0,0;271161,4952;-291815,4952
7/5/2023;557,28;33041682;0,2;229759,5932;-322597,5932
8/5/2023;557,19;32948844;0,0;185729,789;-185729,789
9/5/2023;557,19;32948844;7,8;179263,0096;-168956,0096
10/5/2023;557,2;32959151;24,8;556135,9772;-390935,9772
11/5/2023;557,36;33124351;2,4;325773,5435;-336114,5435
12/5/2023;557,35;33114010;1,0;319176,844;-339852,844
13/5/2023;557,33;33093334;13,2;331240,8623;-300223,8623
14/5/2023;557,36;33124351;12,0;476501,1383;-455812,1383
15/5/2023;557,38;33145040;1,2;139701,0017;-940188,0017
16/5/2023;556,6;32344553;95,0;2087773,352;-1017546,352
17/5/2023;557,64;33414780;57,4;1716925,946;-1965968,946
18/5/2023;557,4;33165737;1,2;382798,8693;-413841,8693
19/5/2023;557,37;33134694;11,6;297321,9269;-276628,9269
20/5/2023;557,39;33155387;13,8;414875,5005;-425222,5005
21/5/2023;557,38;33145040;0,0;272385,1799;-324091,1799
22/5/2023;557,33;33093334;0,2;208534,8724;-208534,8724
23/5/2023;557,33;33093334;0,0;181493,6943;-202160,6943
24/5/2023;557,31;33072667;3,0;231241,0995;-200237,0995
25/5/2023;557,34;33103671;0,0;189872,4449;-210544,4449
26/5/2023;557,32;33082999;0,2;165720,0909;-207037,0909
27/5/2023;557,28;33041682;0,0;167529,1992;-188175,1992
28/5/2023;557,26;33021036;0,0;157914,5073;-209490,5073
29/5/2023;557,21;32969460;0,2;132740,95;-194561,95
30/5/2023;557,15;32907639;0,0;130131,1958;-212438,1958
31/5/2023;557,07;32825332;0,6;114964,151;-176604,151
1/6/2023;557,01;32763692;7,2;137493,821;-188800,821
2/6/2023;556,96;32712385;0,2;122069,9947;-204050,9947
3/6/2023;556,88;32630404;9,8;129264,5393;-200884,5393
4/6/2023;556,81;32558784;4,2;105281,1413;-176796,1413
5/6/2023;556,74;32487269;7,0;149371,2399;-190190,2399
6/6/2023;556,7;32446450;2,8;175334,9785;-165132,9785
7/6/2023;556,71;32456652;9,4;355070,8878;-119845,8878
8/6/2023;556,94;32691877;0,2;262321,6278;-231556,6278
9/6/2023;556,97;32722642;0,2;150142,7788;-191158,7788
10/6/2023;556,93;32681626;31,4;249816,0416;-157482,0416
11/6/2023;557,02;32773960;0,2;174780,2788;-185048,2788
12/6/2023;557,01;32763692;0,2;133484,3914;-205299,3914
13/6/2023;556,94;32691877;19,6;270105,1804;-116086,1804
14/6/2023;557,09;32845896;5,2;279431,7284;-155867,7284
15/6/2023;557,21;32969460;10,8;297536,5929;-194329,5929
16/6/2023;557,31;33072667;0,0;201144,2116;-221803,2116
17/6/2023;557,29;33052008;1,2;150780,5557;-192071,5557
18/6/2023;557,25;33010717;0,0;104999,0021;-187478,0021
19/6/2023;557,17;32928238;0,0;98216,87737;-201122,8774
20/6/2023;557,07;32825332;0,0;77131,07872;-210586,0787
21/6/2023;556,94;32691877;0,0;65900,62408;-168311,6241
22/6/2023;556,84;32589466;0,0;60496,17462;-203512,1746
23/6/2023;556,7;32446450;4,2;71237,01324;-193487,0132
24/6/2023;556,58;32324200;0,2;55922,44091;-188013,4409
25/6/2023;556,45;32192109;0,0;46040,70911;-198004,7091
26/6/2023;556,3;32040145;0,0;50811,92379;-202295,9238
27/6/2023;556,15;31888661;0,0;39369,28539;-190374,2854
28/6/2023;556;31737656;0,0;41626,02825;-172110,0283
29/6/2023;555,87;31607172;0,2;42593,2766;-182714,2766
30/6/2023;555,73;31467051;4,2;31191,41979;-150964,4198
1/7/2023;555,61;31347278;1,0;22462,56752;-181686,5675
2/7/2023;555,45;31188054;0,2;32421,19417;-171298,1942
3/7/2023;555,31;31049177;0,2;7292,067146;-165503,0671
4/7/2023;555,15;30890966;1,8;15778,67475;-153770,6747
5/7/2023;555,01;30752974;0,2;17363,27577;-174565,2758
6/7/2023;554,85;30595772;0,0;-5018,174994;-141869,825
7/7/2023;554,7;30448884;0,0;12638,48305;-159056,483
8/7/2023;554,55;30302466;0,0;2565,8719;-148512,8719
9/7/2023;554,4;30156519;0,0;18005,6129;-163483,6129
10/7/2023;554,25;30011041;0,0;8319,070387;-153328,0704
11/7/2023;554,1;29866032;0,0;6619,753432;-180012,7534
12/7/2023;553,92;29692639;0,0;13436,52563;-186157,5256
13/7/2023;553,74;29519918;0,0;11297,40901;-145171,409
14/7/2023;553,6;29386044;0,0;10635,87906;-182164,8791
15/7/2023;553,42;29214515;0,0;1414,830709;-172274,8307
16/7/2023;553,24;29043655;0,0;-1599,934191;-159155,0658
17/7/2023;553,07;28882900;0,0;9946,651983;-188911,652
18/7/2023;552,88;28703935;0,0;1562,623912;-189146,6239
19/7/2023;552,68;28516351;0,0;5506,413102;-173632,4131
20/7/2023;552,5;28348225;0,0;-7686,181927;-178344,8181
21/7/2023;552,3;28162194;0,0;5927,499533;-172658,4995
22/7/2023;552,12;27995463;0,0;-763,4301782;-174516,5698
23/7/2023;551,93;27820183;0,0;12527,69322;-168735,6932
24/7/2023;551,76;27663975;0,0;-5597,872353;-150026,1276
25/7/2023;551,59;27508351;22,6;37295,54987;-201436,5499
26/7/2023;551,41;27344210;0,0;-7861,037064;-164689,9629
27/7/2023;551,22;27171659;0,0;10943,35356;-164716,3536
28/7/2023;551,05;27017886;0,0;-4095,185351;-149097,8146
29/7/2023;550,88;26864693;0,0;5656,875372;-167228,8754
30/7/2023;550,7;26703121;0,0;3757,154274;-182523,1543
31/7/2023;550,5;26524355;0,0;956,0097009;-152280,0097
1/8/2023;550,33;26373031;0,0;6439,006877;-192573,0069
2/8/2023;550,12;26186897;0,0;3858,033872;-171512,0339
3/8/2023;549,93;26019243;2,0;-11857,52378;-137541,4762
4/8/2023;549,76;25869844;24,0;36151,92719;-167499,9272
5/8/2023;549,61;25738496;2,2;13515,78555;-153131,7856
6/8/2023;549,45;25598880;0,2;5738,264751;-153527,2648
7/8/2023;549,28;25451091;0,0;-3803,706264;-143417,2937
8/8/2023;549,11;25303870;0,0;10758,14145;-157411,1414
9/8/2023;548,94;25157217;0,0;-8309,625578;-163500,3744
10/8/2023;548,74;24985407;0,0;-3407,137263;-150553,8627
11/8/2023;548,56;24831446;0,0;17881,29058;-188208,2906
12/8/2023;548,36;24661119;0,0;-3027,927411;-149601,0726
13/8/2023;548,18;24508490;0,0;-3039,907551;-157387,0924
14/8/2023;547,99;24348063;0,0;12395,51353;-172123,5135
15/8/2023;547,8;24188335;0,0;-19129,34818;-148252,6518
16/8/2023;547,6;24020953;0,0;15996,06757;-182608,0676
17/8/2023;547,4;23854341;16,6;24267,29851;-165282,2985
18/8/2023;547,23;23713326;0,0;-284,83724;-173146,1628
19/8/2023;547,02;23539895;0,2;3731,693137;-168118,6931
20/8/2023;546,82;23375508;0,0;8589,883804;-164051,8838
21/8/2023;546,63;23220046;0,0;-11709,96151;-175561,0385
22/8/2023;546,4;23032775;0,0;7501,320004;-185690,32
23/8/2023;546,18;22854586;0,0;7569,472361;-176804,4724
24/8/2023;545,97;22685351;0,0;-8930,586362;-175466,4136
25/8/2023;545,74;22500954;0,0;-5741,040516;-177659,9595
26/8/2023;545,51;22317553;0,0;-5262,130702;-161324,8693
27/8/2023;545,3;22150966;0,0;9266,323185;-182899,3232
28/8/2023;545,08;21977333;6,0;890,6904012;-150119,6904
29/8/2023;544,89;21828104;0,6;11524,81956;-152278,8196
30/8/2023;544,71;21687350;6,0;17556,98576;-165477,9858
31/8/2023;544,52;21539429;0,2;-14263,903;-132987,097
1/9/2023;544,33;21392178;0,0;29836,17725;-184116,1773
2/9/2023;544,13;21237898;0,0;-6297,619271;-147244,3807
3/9/2023;543,93;21084356;0,2;17136,81536;-177564,8154
4/9/2023;543,72;20923928;0,0;-8415,63313;-136035,3669
5/9/2023;543,53;20779477;0,0;3194,648373;-177171,6484
6/9/2023;543,3;20605500;0,0;-10714,79523;-154795,2048
7/9/2023;543,08;20439990;0,0;-7276,097488;-134954,9025
8/9/2023;542,89;20297759;0,0;5131,826198;-169001,8262
9/9/2023;542,67;20133889;0,0;-13757,23972;-149235,7603
10/9/2023;542,45;19970896;0,0;21708,00505;-183828,005
11/9/2023;542,23;19808776;0,0;-17048,75565;-136888,2444
12/9/2023;542,02;19654839;0,0;11431,16326;-164577,1633
13/9/2023;541,81;19501693;0,0;-6905,872178;-130973,1278
14/9/2023;541,62;19363814;2,2;6059,258223;-143294,2582
15/9/2023;541,43;19226579;0,2;13849,08199;-157612,082
16/9/2023;541,23;19082816;0,2;-8820,817494;-148498,1825
17/9/2023;541,01;18925497;0,0;4659,541011;-139834,541
18/9/2023;540,82;18790322;0,0;-9148,493528;-139513,5065
19/9/2023;540,61;18641660;0,0;9714,947748;-171643,9477
20/9/2023;540,38;18479731;0,0;-9168,09833;-151830,9017
21/9/2023;540,15;18318732;2,2;5525,125051;-151715,1251
22/9/2023;539,94;18172542;1,4;9915,843701;-148427,8437
23/9/2023;539,74;18034030;8,8;-1745,202684;-129194,7973
24/9/2023;539,55;17903090;11,8;8586,959982;-132057,96
25/9/2023;539,37;17779619;4,8;13590,22651;-163735,2265
26/9/2023;539,15;17629474;0,2;-3158,748829;-125838,2512
27/9/2023;538,96;17500477;0,2;12366,14141;-167689,1414
28/9/2023;538,73;17345154;0,2;-8155,259728;-132865,7403
29/9/2023;538,52;17204133;0,0;-7309,243798;-146276,7562
30/9/2023;538,29;17050547;0,0;8462,263656;-161143,2637
1/10/2023;538,06;16897866;0,0;-11249,18976;-120783,8102
2/10/2023;537,86;16765833;0,0;9143,527794;-147048,5278
3/10/2023;537,65;16627928;0,0;5162,557876;-174865,5579
4/10/2023;537,39;16458225;0,0;-20373,2357;-109391,7643
5/10/2023;537,19;16328460;0,0;7387,156391;-162216,1564
6/10/2023;536,95;16173631;0,0;11544,04006;-171797,0401
7/10/2023;536,7;16013378;0,2;-2413,173151;-156793,8268
8/10/2023;536,45;15854171;0,0;-766,904068;-144785,0959
9/10/2023;536,22;15708619;0,0;-11503,86744;-133169,1326
10/10/2023;535,99;15563946;0,0;-2632,04543;-172308,9546
11/10/2023;535,71;15389005;0,0;7617,073631;-156538,0736
12/10/2023;535,47;15240084;0,0;-533,7128565;-153586,2871
13/10/2023;535,22;15085964;0,0;-2176,55822;-132601,4418
14/10/2023;535;14951186;0,0;-2536,611468;-149661,3885
15/10/2023;534,75;14798988;4,8;1183,381149;-158391,3811
16/10/2023;534,49;14641780;0,8;1753,221309;-139908,2213
17/10/2023;534,26;14503625;0,0;-14806,95763;-128444,0424
18/10/2023;534,02;14360374;4,2;14116,6523;-144614,6523
19/10/2023;533,8;14229876;15,0;30626,17321;-148587,1732
20/10/2023;533,6;14111915;11,2;602,2517726;-135465,2518
21/10/2023;533,37;13977052;4,8;44368,2003;-166768,2003
22/10/2023;533,16;13854652;0,8;9988,845921;-149015,8459
23/10/2023;532,92;13715625;0,0;1924,756891;-157238,7569
24/10/2023;532,65;13560311;51,6;220643,7973;-105706,7973
25/10/2023;532,85;13675248;1,4;71284,92737;-191951,9274
26/10/2023;532,64;13554581;1,4;24077,64788;-144049,6479
27/10/2023;532,43;13434609;5,0;31673,9007;-173591,9007
28/10/2023;532,18;13292691;0,0;6021,524048;-141341,524
29/10/2023;531,94;13157371;1,2;4939,313221;-156099,3132
30/10/2023;531,67;13006211;38,8;130590,881;138925,119
31/10/2023;532,15;13275727;19,4;518713,1104;-371220,1104
1/11/2023;532,41;13423220;0,0;84679,04663;-164230,0466
2/11/2023;532,27;13343669;55,6;484025,798;396268,202
3/11/2023;533,79;14223963;24,8;975375,2472;-521377,2472
4/11/2023;534,55;14677961;20,6;401572,3892;1686299,611
5/11/2023;537,86;16765833;81,2;2805832,947;-1942191,947
6/11/2023;539,15;17629474;6,0;389134,2865;-238989,2865
7/11/2023;539,37;17779619;0,4;201941,1186;-167700,1186
8/11/2023;539,42;17813860;0,0;133828,9467;-161224,9467
9/11/2023;539,38;17786464;7,6;85119,8885;-9713,888496
10/11/2023;539,49;17861870;33,2;721342,1448;65508,85522
11/11/2023;540,62;18648721;0,0;719448,4039;-385564,4039
12/11/2023;541,09;18982605;0,2;262147,7074;-204927,7074
13/11/2023;541,17;19039825;0,0;158303,4748;-151142,4748
14/11/2023;541,18;19046986;0,0;130115,0047;-137276,0047
15/11/2023;541,17;19039825;2,8;120228,3497;-191736,3497
16/11/2023;541,07;18968317;0,6;112950,8308;-155770,8308
17/11/2023;541,01;18925497;0,0;62636,9585;-112512,9585
18/11/2023;540,94;18875621;0,0;86655,50423;-157755,5042
19/11/2023;540,84;18804521;0,0;51438,99937;-122362,9994
20/11/2023;540,74;18733597;0,0;71800,87967;-135481,8797
21/11/2023;540,65;18669916;26,2;87940,08064;103530,9194
22/11/2023;540,92;18861387;14,2;636053,4393;-270861,4393
23/11/2023;541,43;19226579;0,0;298261,6905;-161026,6905
24/11/2023;541,62;19363814;0,0;168188,6879;-131967,6879
25/11/2023;541,67;19400035;3,0;148321,7434;-162815,7434
26/11/2023;541,65;19385541;0,0;94602,36855;-130806,3685
27/11/2023;541,6;19349337;1,4;96540,87181;-132699,8718
28/11/2023;541,55;19313178;3,4;101601,8063;-137715,8063
29/11/2023;541,5;19277064;0,6;82079,0308;-132564,0308
30/11/2023;541,43;19226579;14,6;189326,6853;-52091,68533
1/12/2023;541,62;19363814;0,0;291336,0809;80223,91907
2/12/2023;542,13;19735374;51,6;1502540,277;-161216,2771
3/12/2023;543,92;21076698;3,0;682156,3431;-281507,3431
4/12/2023;544,44;21477347;4,4;366784,4696;46724,5304
5/12/2023;544,97;21890856;16,4;1096917,435;-246103,4347
6/12/2023;546,04;22741670;0,0;534997,8973;-252011,8973
7/12/2023;546,39;23024656;0,0;325346,3127;-187058,3127
8/12/2023;546,56;23162944;2,2;207264,2418;-141997,2418
9/12/2023;546,64;23228211;0,2;191069,474;-142039,474
10/12/2023;546,7;23277241;1,6;190959,7824;-133670,7824
11/12/2023;546,77;23334530;1,6;218353,1067;-70610,10669
12/12/2023;546,95;23482273;2,4;424445,7596;-160262,7596
13/12/2023;547,27;23746456;13,6;485262,0895;-85301,08954
14/12/2023;547,75;24146417;0,2;426879,2862;-225233,2862
15/12/2023;547,99;24348063;0,2;283574,8169;-182333,8169
16/12/2023;548,11;24449304;0,0;197542,9688;-129893,9688
17/12/2023;548,19;24516953;0,0;182158,8478;-156758,8478
18/12/2023;548,22;24542353;0,0;138793,816;-147262,816
19/12/2023;548,21;24533884;0,0;135997,8333;-161391,8333
20/12/2023;548,18;24508490;0,0;99817,05666;-133649,0567
21/12/2023;548,14;24474658;0,0;114826,3824;-157073,3824
22/12/2023;548,09;24432411;0,0;86208,28686;-128406,2869
23/12/2023;548,04;24390213;0,0;79147,47334;-146564,4733
24/12/2023;547,96;24322796;0,0;75720,65563;-134608,6556
25/12/2023;547,89;24263908;0,0;67794,92626;-126587,9263
26/12/2023;547,82;24205115;0,0;64343,96095;-114662,961
27/12/2023;547,76;24154796;0,2;65551,98498;-132534,985
28/12/2023;547,68;24087813;0,4;58079,99268;-133288,9927
29/12/2023;547,59;24012604;0,0;59002,41165;-134055,4117
30/12/2023;547,5;23937551;0,8;53341,0881;-119924,0881
31/12/2023;547,42;23870968;1,8;72685,63786;-147444,6379
1/1/2024;547,33;23796209;2,8;47781,05679;-122385,0568
2/1/2024;547,24;23721605;2,0;70545,85819;-128462,8582
3/1/2024;547,17;23663688;0,0;86060,85205;-135629,8521
4/1/2024;547,11;23614119;0,4;59762,21924;-133986,2192
5/1/2024;547,02;23539895;6,0;70590,83176;53202,16824
6/1/2024;547,17;23663688;36,4;1337857,004;1007,996216
7/1/2024;548,76;25002553;29,6;1249167,343;32565,65686
8/1/2024;550,23;26284286;6,8;1127426,248;-465989,2482
9/1/2024;550,97;26945723;1,0;528581,5247;-221001,5247
10/1/2024;551,31;27253303;0,2;339106,8947;-184444,8947
11/1/2024;551,48;27407965;0,2;260778,4676;-178662,4676
12/1/2024;551,57;27490081;0,0;203037,1078;-157346,1078
13/1/2024;551,62;27535772;0,0;169521,7243;-151231,7243
14/1/2024;551,64;27554062;0,4;150628,5324;-141479,5324
15/1/2024;551,65;27563211;0,0;147465,1806;-147465,1806
16/1/2024;551,65;27563211;0,6;125507,8434;-116357,8434
17/1/2024;551,66;27572361;21,6;326252,2522;-32375,2522
18/1/2024;551,98;27866238;0,0;437448,1201;-234202,1201
19/1/2024;552,2;28069484;4,2;250424,382;-166995,382
20/1/2024;552,29;28152913;0,4;199734,0202;-171887,0202
21/1/2024;552,32;28180760;0,0;170662,9807;-161376,9807
22/1/2024;552,33;28190046;0,0;143511,7195;-152797,7195
23/1/2024;552,32;28180760;0,8;141660,4752;-169507,4752
24/1/2024;552,29;28152913;0,0;118248,2151;-155348,2151
25/1/2024;552,25;28115813;0,0;113442,6201;-159771,6201
26/1/2024;552,2;28069484;0,0;92865,88326;-148393,8833
27/1/2024;552,14;28013956;0,0;95975,19264;-160666,1926
28/1/2024;552,07;27949265;0,0;83342,40017;-147933,4002
29/1/2024;552;27884674;0,0;61497,56126;-144396,5613
30/1/2024;551,91;27801775;0,0;72063,51128;-145613,5113
31/1/2024;551,83;27728225;0,0;57267,71851;-130688,7185
1/2/2024;551,75;27654804;0,0;84727,92892;-176320,9289
2/2/2024;551,65;27563211;0,0;60214,83879;-133344,8388
3/2/2024;551,57;27490081;0,0;61114,49032;-143230,4903
4/2/2024;551,48;27407965;0,0;58270,87154;-149318,8715
5/2/2024;551,38;27316917;0,0;43922,49184;-143843,4918
6/2/2024;551,27;27216996;0,0;63853,969;-145424,969
7/2/2024;551,18;27135425;0,0;46043,11924;-145521,1192
8/2/2024;551,07;27035947;0,0;55976,10226;-146200,1023
9/2/2024;550,97;26945723;18,6;71451,97277;-152481,9728
10/2/2024;550,88;26864693;25,4;267026,4816;239802,5184
11/2/2024;551,44;27371522;4,2;897380,2826;-448719,2826
12/2/2024;551,93;27820183;1,0;325238,1248;-196156,1248
13/2/2024;552,07;27949265;0,2;226033,3328;-189079,3328
14/2/2024;552,11;27986219;0,2;171505,3402;-162261,3402
15/2/2024;552,12;27995463;0,0;141381,5289;-169106,5289
16/2/2024;552,09;27967738;0,0;122206,723;-159143,723
17/2/2024;552,05;27930801;0,0;104659,2052;-160005,2052
18/2/2024;551,99;27875455;0,0;81148,89221;-145625,8922
19/2/2024;551,92;27810978;0,0;100494,9818;-164872,9818
20/2/2024;551,85;27746600;0,2;79051,03226;-161676,0323
21/2/2024;551,76;27663975;0,0;64660,96973;-137968,9697
22/2/2024;551,68;27590667;0,0;95454,78058;-168631,7806
23/2/2024;551,6;27517490;32,0;289922,3053;-33233,3053
24/2/2024;551,88;27774179;5,2;398590,5487;-195791,5487
25/2/2024;552,1;27976978;1,0;301544,2818;-171979,2818
26/2/2024;552,24;28106543;13,6;287002,2629;338597,7371
27/2/2024;552,91;28732143;40,6;2146842,279;-224325,2791
28/2/2024;554,91;30654660;4,2;1265383,163;-462985,1635
29/2/2024;555,72;31457058;25,8;1064602,881;57575,11914
1/3/2024;556,83;32579236;19,0;1515974,524;-815483,5239
2/3/2024;557,51;33279727;0,6;1428156,134;-1428156,134
3/3/2024;557,51;33279727;9,8;1049869,226;-1008353,226
4/3/2024;557,55;33321243;6,8;935562,442;-1060006,442
5/3/2024;557,43;33196799;0,2;659796,2677;-649437,2677
6/3/2024;557,44;33207158;0,0;545447,9965;-617911,9965
7/3/2024;557,37;33134694;0,6;324721,225;-376416,225
8/3/2024;557,32;33082999;2,8;261470,2766;-302787,2766
9/3/2024;557,28;33041682;3,4;287088,533;-276762,533
10/3/2024;557,29;33052008;26,6;655030,7693;-489520,7693
11/3/2024;557,45;33217518;2,4;503482,8873;-627666,8873
12/3/2024;557,33;33093334;0,6;270498,5046;-291165,5046
13/3/2024;557,31;33072667;0,0;241272,5578;-210268,5578
14/3/2024;557,34;33103671;0,0;189335,3989;-271970,3989
15/3/2024;557,26;33021036;0,2;209655,1895;-281847,1895
16/3/2024;557,19;32948844;0,2;222227,7031;-211920,7031
17/3/2024;557,2;32959151;0,2;187510,6041;-187510,6041
18/3/2024;557,2;32959151;5,8;170068,0401;-149448,0401
19/3/2024;557,22;32979771;0,0;166805,4199;-166805,4199
20/3/2024;557,22;32979771;0,2;137649,9023;-168576,9023
21/3/2024;557,19;32948844;5,2;133558,3946;-143862,3946
22/3/2024;557,18;32938540;0,2;161594,7899;-192495,7899
23/3/2024;557,15;32907639;0,0;115390,6815;-177133,6815
24/3/2024;557,09;32845896;4,2;119022,4113;-170415,4113
25/3/2024;557,04;32794503;0,0;109683,2977;-171285,2977
26/3/2024;556,98;32732901;21,4;227040,8066;-72891,80658
27/3/2024;557,13;32887050;23,6;652945,6604;-353552,6604
28/3/2024;557,42;33186443;32,6;775340,9088;-816743,9088
29/3/2024;557,38;33145040;0,2;384534,0363;-425903,0363
30/3/2024;557,34;33103671;0,0;300665,2245;-331669,2245
31/3/2024;557,31;33072667;0,4;250513,2889;-312463,2889
1/4/2024;557,25;33010717;17,6;342894,4382;-229260,4382
2/4/2024;557,36;33124351;0,0;324526,7052;-355543,7052
3/4/2024;557,33;33093334;0,0;272300,1869;-313626,1869
4/4/2024;557,29;33052008;0,0;256719,8158;-318643,8158
5/4/2024;557,23;32990084;0,0;201609,5306;-191294,5306
6/4/2024;557,24;33000399;0,0;166369,1254;-166369,1254
7/4/2024;557,24;33000399;0,0;162474,6403;-172789,6403
8/4/2024;557,23;32990084;0,0;150400,827;-181333,827
9/4/2024;557,2;32959151;0,0;121362,7258;-172874,7258
10/4/2024;557,15;32907639;1,0;123570,0714;-175028,0714
11/4/2024;557,1;32856181;0,0;106511,0676;-168189,0676
12/4/2024;557,04;32794503;0,2;105871,4779;-177732,4779
13/4/2024;556,97;32722642;0,0;92636,67412;-174634,6741
14/4/2024;556,89;32640644;0,0;72297,03598;-174601,036
15/4/2024;556,79;32538340;0,0;106679,7867;-178164,7867
16/4/2024;556,72;32466855;0,0;29461,38468;-49866,38468
17/4/2024;556,7;32446450;1,6;99288,68294;-201185,6829
18/4/2024;556,6;32344553;23,4;107464,3444;-97284,34441
19/4/2024;556,61;32354733;10,0;175385,9619;-205918,9619
20/4/2024;556,58;32324200;13,8;143858,0875;-174373,0875
21/4/2024;556,55;32293685;0,4;142331,345;-162663,345
22/4/2024;556,53;32273353;27,6;320876,5594;77147,44055
23/4/2024;556,92;32671377;13,4;709002,7954;-256028,7954
24/4/2024;557,36;33124351;5,4;405497,0215;-384808,0215
25/4/2024;557,38;33145040;0,4;251095,5505;-271784,5505
26/4/2024;557,36;33124351;0,6;187955,3444;-208635,3444
27/4/2024;557,34;33103671;0,4;172661,0367;-182998,0367
28/4/2024;557,33;33093334;0,2;149559,8579;-170226,8579
29/4/2024;557,31;33072667;0,0;145201,4545;-176186,4545
30/4/2024;557,28;33041682;0,2;139390,8783;-170355,8783
1/5/2024;557,25;33010717;23,0;211419,6899;-66749,68994
2/5/2024;557,39;33155387;8,8;410711,4212;-410711,4212
3/5/2024;557,39;33155387;0,0;376093,7347;-448481,7347
4/5/2024;557,32;33082999;0,4;246529,9278;-298170,9278
5/5/2024;557,27;33031358;0,2;206093,3945;-216415,3945
6/5/2024;557,26;33021036;0,0;152510,9951;-173147,9951
7/5/2024;557,24;33000399;0,8;134539,5321;-165478,5321
8/5/2024;557,21;32969460;0,2;124732,37;-176255,37
9/5/2024;557,16;32917937;0,0;108732,9769;-191056,9769
10/5/2024;557,08;32835613;0,0;100493,4162;-192943,4162
11/5/2024;556,99;32743163;0,0;79249,81613;-181768,8161
12/5/2024;556,89;32640644;0,0;85354,72641;-187658,7264
13/5/2024;556,79;32538340;0,2;72336,65886;-205010,6589
14/5/2024;556,66;32405666;0,8;79462,85992;-181273,8599
15/5/2024;556,56;32303855;0,0;66108,29659;-167706,2966
16/5/2024;556,46;32202257;0,6;66938,49735;-188573,4974
17/5/2024;556,34;32080622;1,6;54517,57965;-185942,5797
18/5/2024;556,21;31949197;0,0;57185,43434;-198316,4343
19/5/2024;556,07;31808066;0,8;34300,62103;-154939,621
20/5/2024;555,95;31687427;9,2;93950,70763;-164181,7076
21/5/2024;555,88;31617196;5,0;145805,706;-215932,706
22/5/2024;555,81;31547069;0,0;55885,77404;-175861,774
23/5/2024;555,69;31427093;0,0;59886,40251;-199473,4025
24/5/2024;555,55;31287506;0,0;50366,62731;-189539,6273
25/5/2024;555,41;31148333;2,2;44880,9082;-183639,9082
26/5/2024;555,27;31009574;0,2;50058,23936;-178536,2394
27/5/2024;555,14;30881096;0,2;39952,88086;-187754,8809
28/5/2024;554,99;30733294;16,8;92265,44266;-161077,4427
29/5/2024;554,92;30664482;1,4;92432,10182;-210157,1018
30/5/2024;554,8;30546757;10,6;72986,02295;-161081,0229
31/5/2024;554,71;30458662;0,0;92327,06566;-190012,0657
1/6/2024;554,61;30360977;0,0;50663,55686;-177341,5569
2/6/2024;554,48;30234299;0,0;34182,3575;-160507,3575
3/6/2024;554,35;30107974;1,4;70841,22219;-216162,2222
4/6/2024;554,2;29962653;0,2;48423,73123;-154694,7312
5/6/2024;554,09;29856382;0,0;28876,65625;-154145,6562
6/6/2024;553,96;29731113;0,0;36497,64633;-161415,6463
7/6/2024;553,83;29606195;0,0;33617,71603;-167752,716
8/6/2024;553,69;29472060;0,0;23793,35861;-186127,3586
9/6/2024;553,52;29309726;0,0;4097,402358;-127831,4024
10/6/2024;553,39;29185992;2,4;53766,97998;-186628,98
11/6/2024;553,25;29053130;0,0;14745,38226;-166094,3823
12/6/2024;553,09;28901781;0,0;13794,5838;-136377,5838
13/6/2024;552,96;28779198;0,0;24795,36839;-128248,3684
14/6/2024;552,85;28675745;0,0;6168,349242;-128111,3492
15/6/2024;552,72;28553802;0,0;33781,85692;-155378,8569
16/6/2024;552,59;28432205;0,0;20410,70466;-150975,7047
17/6/2024;552,45;28301640;0,0;18934,31468;-158380,3147
18/6/2024;552,3;28162194;0,0;10766,86013;-159004,8601
19/6/2024;552,14;28013956;0,0;14105,86209;-161823,8621
20/6/2024;551,98;27866238;0,0;17619,34004;-173999,34
21/6/2024;551,81;27709858;0,0;20729,33307;-158226,3331
22/6/2024;551,66;27572361;0,0;12179,40817;-158341,4082
23/6/2024;551,5;27426199;2,8;10292,51468;-110478,5147
24/6/2024;551,39;27326013;129,2;1121535,983;12686,01672
25/6/2024;552,62;28460235;2,6;370172,0352;-295335,0352
26/6/2024;552,7;28535072;5,0;236513,3217;-152164,3217
27/6/2024;552,79;28619421;0,2;144703,5988;-182212,5988
28/6/2024;552,75;28581912;0,0;91912,93602;-185540,936
29/6/2024;552,65;28488284;0,0;59506,61716;-152930,6172
30/6/2024;552,55;28394860;0,0;46582,31277;-158421,3128
1/7/2024;552,43;28283021;0,0;31552,43397;-189488,434
2/7/2024;552,26;28125085;0,0;8990,113378;-166337,1134
3/7/2024;552,09;27967738;12,2;27687,15878;-147615,1588
4/7/2024;551,96;27847810;3,0;13130,89156;-151082,8916
5/7/2024;551,81;27709858;0,2;14436,1536;-170232,1536
6/7/2024;551,64;27554062;0,0;9840,024519;-165051,0245
7/7/2024;551,47;27398851;0,0;13560,09607;-168188,0961
8/7/2024;551,3;27244223;0,0;3759,416342;-166848,4163
9/7/2024;551,12;27081134;0,0;14387,39877;-176826,3988
10/7/2024;550,94;26918695;0,0;12746,92712;-183504,9271
11/7/2024;550,75;26747937;0,0;-1044,804552;-177921,1954
12/7/2024;550,55;26568971;0,0;15370,69917;-193537,6992
13/7/2024;550,35;26390804;0,0;-3071,421039;-174298,579
14/7/2024;550,15;26213434;0,0;8054,535913;-175821,5359
15/7/2024;549,96;26045667;0,0;2894,830084;-178717,8301
16/7/2024;549,76;25869844;0,0;9141,702175;-184173,7022
17/7/2024;549,56;25694812;0,0;150,5796097;-174394,5796
18/7/2024;549,36;25520568;0,0;4409,622109;-195168,6221
19/7/2024;549,14;25329809;0,0;9004,420924;-181596,4209
20/7/2024;548,94;25157217;0,6;3614,132237;-175424,1322
21/7/2024;548,74;24985407;0,0;725,833118;-154686,8331
22/7/2024;548,56;24831446;13,4;22387,80212;-175716,8021
23/7/2024;548,38;24678117;0,0;3860,067737;-173487,0677
24/7/2024;548,18;24508490;0,2;1901,969004;-170752,969
25/7/2024;547,98;24339639;0,0;3313,79317;-171390,7932
26/7/2024;547,78;24171562;0,0;6418,06891;-182068,0689
27/7/2024;547,57;23995912;0,0;793,8856959;-175594,8857
28/7/2024;547,36;23821111;0,0;5731,148958;-171420,149
29/7/2024;547,16;23655422;0,0;3532,579672;-184905,5797
30/7/2024;546,94;23474049;0,0;-2702,120769;-169564,8792
31/7/2024;546,73;23301782;0,0;8069,28699;-187637,287
1/8/2024;546,51;23122214;0,0;-6396,550298;-164150,4497
2/8/2024;546,3;22951667;0,0;465,5133069;-170177,5133
3/8/2024;546,09;22781955;2,4;5743,442273;-166598,4423
4/8/2024;545,89;22621100;0,2;5596,647334;-165697,6473
5/8/2024;545,69;22460999;0,0;-1813,46544;-165481,5346
6/8/2024;545,48;22293704;0,0;-6716,372824;-167658,6272
7/8/2024;545,26;22119329;0,0;1369,177848;-174837,1778
8/8/2024;545,04;21945861;0,0;210,4380257;-164952,438
9/8/2024;544,83;21781119;0,0;-406,1880201;-179082,812
10/8/2024;544,6;21601630;0,0;757,1554989;-179264,1555
11/8/2024;544,37;21423123;0,0;-740,0856256;-169089,9144
12/8/2024;544,15;21253293;0,0;4187,640452;-188438,6405
13/8/2024;543,91;21069042;10,6;25573,34976;-178306,3498
14/8/2024;543,71;20916309;0,2;5641,833973;-180376,834
15/8/2024;543,48;20741574;0,0;7572,324085;-181340,3241
16/8/2024;543,25;20567806;0,0;-2914,263976;-169887,736
17/8/2024;543,02;20395004;0,0;1092,05676;-165481,0568
18/8/2024;542,8;20230615;7,2;10806,59308;-159488,5931
19/8/2024;542,6;20081933;2,6;4548,13031;-152507,1303
20/8/2024;542,4;19933974;7,2;11506,10762;-158743,1076
21/8/2024;542,2;19786737;0,2;4978,551149;-173411,5511
22/8/2024;541,97;19618304;0,0;681,7178875;-168165,7179
23/8/2024;541,74;19450820;0,2;136,46826;-173892,4683
24/8/2024;541,5;19277064;0,0;-3757,489657;-161795,5103
25/8/2024;541,27;19111511;0,0;3981,171405;-168593,1714
26/8/2024;541,04;18946899;0,0;-4589,680517;-166179,3195
27/8/2024;540,8;18776130;51,6;167158,0811;-160063,0811
28/8/2024;540,81;18783225;0,2;10761,56223;-173500,5622
29/8/2024;540,58;18620486;0,0;5172,977936;-166980,9779
30/8/2024;540,35;18458678;0,0;-2954,191983;-171868,808
31/8/2024;540,1;18283855;0,0;2374,638337;-169175,6383
1/9/2024;539,86;18117054;0,0;4317,723191;-163225,7232
2/9/2024;539,63;17958146;0,0;-2629,04613;-148507,9539
3/9/2024;539,41;17807009;0,0;-2561,033946;-161358,9661
4/9/2024;539,17;17643089;8,0;10347,47186;-159732,4719
5/9/2024;538,95;17493704;12,6;19261,77764;-147603,7776
6/9/2024;538,76;17365362;0,0;6976,636147;-161507,6361
7/9/2024;538,53;17210831;0,2;29,65412149;-146993,6541
8/9/2024;538,31;17063867;30,8;39414,62202;-112586,622
9/9/2024;538,2;16990695;1,8;45542,77096;-178052,771
10/9/2024;538;16858185;0,0;-466,5923193;-137937,4077
11/9/2024;537,79;16719781;0,2;8311,774993;-165569,775
12/9/2024;537,55;16562523;36,2;91812,9776;-85280,9776
13/9/2024;537,56;16569055;8,4;88990,59677;-173786,5968
14/9/2024;537,43;16484259;0,2;12957,15652;-136378,1565
15/9/2024;537,24;16360838;0,0;11591,49585;-140850,4958
16/9/2024;537,04;16231579;0,2;7591,794991;-136179,795
17/9/2024;536,84;16102991;45,8;140087,0647;20751,93526
18/9/2024;537,09;16263830;54,0;687906,0379;-27381,0379
19/9/2024;538,1;16924355;7,2;424763,2782;-311883,2782
20/9/2024;538,27;17037235;9,4;170256,4522;-156944,4522
21/9/2024;538,29;17050547;0,0;88788,97018;-168560,9702
22/9/2024;538,17;16970775;0,2;46276,90659;-139033,9066
23/9/2024;538,03;16878018;2,8;65229,82635;-118084,8264
24/9/2024;537,95;16825163;0,8;62371,81892;-121701,8189
25/9/2024;537,86;16765833;2,8;58574,81518;-144032,8152
26/9/2024;537,73;16680375;0,0;30354,07877;-115525,0788
27/9/2024;537,6;16595204;0,4;13182,32946;-98066,32946
28/9/2024;537,47;16510320;0,4;20702,63886;-111797,6389
29/9/2024;537,33;16419225;0,2;15848,7628;-100141,7628
30/9/2024;537,2;16334932;0,0;-5569,268203;-84888,7318
1/10/2024;537,06;16244474;0,6;32274,03231;-128828,0323
2/10/2024;536,91;16147920;0,2;12040,98816;-108216,9882
3/10/2024;536,76;16051744;90,4;1629340,906;235758,0942
4/10/2024;539,57;17916843;10,2;726373,3337;-338440,3337
5/10/2024;540,13;18304776;1,0;410744,2978;-214721,2978
6/10/2024;540,41;18500799;0,0;210937,1704;-161716,1704
7/10/2024;540,48;18550020;0,2;131346,5275;-145418,5275
8/10/2024;540,46;18535948;22,0;393680,3604;52976,63959
9/10/2024;541,09;18982605;0,0;469203,2364;-232434,2364
10/10/2024;541,42;19219374;10,8;353504,8828;-92998,88281
11/10/2024;541,78;19479880;0,0;296208,799;-194274,799
12/10/2024;541,92;19581814;0,2;178397,4655;-156508,4655
13/10/2024;541,95;19603703;0,0;124410,8139;-131708,8139
14/10/2024;541,94;19596405;0,2;98224,81842;-127399,8184
15/10/2024;541,9;19567230;0,0;82326,47038;-118753,4704
16/10/2024;541,85;19530803;2,0;69946,89045;-106329,8904
17/10/2024;541,8;19494420;18,0;115903,0083;257304,9917
18/10/2024;542,31;19867628;7,4;826711,853;-433900,853
19/10/2024;542,84;20260439;28,2;514131,2347;149357,7653
20/10/2024;543,72;20923928;11,0;1049713,989;-270681,9893
21/10/2024;544,73;21702960;0,0;570419,783;-256663,783
22/10/2024;545,13;22016716;15,6;445851,0544;-97266,05438
23/10/2024;545,57;22365301;13,4;579579,9911;-98372,99115
24/10/2024;546,17;22846508;18,0;693279,0527;-106831,0527
25/10/2024;546,89;23432956;0,4;535249,2508;-230034,2508
26/10/2024;547,26;23738171;0,0;322724,8787;-164973,8787
27/10/2024;547,45;23895922;0,2;234968,0191;-151662,0191
28/10/2024;547,55;23979228;0,0;178310,6392;-136585,6392
29/10/2024;547,6;24020953;0,4;154027,1599;-154027,1599
30/10/2024;547,6;24020953;0,4;121877,2053;-146918,2053
31/10/2024;547,57;23995912;0,2;118837,3363;-143861,3363
1/11/2024;547,54;23970888;0,2;90908,76846;-124245,7685
2/11/2024;547,5;23937551;0,0;91696,1586;-133325,1586
3/11/2024;547,45;23895922;0,2;74700,00858;-124591,0086
4/11/2024;547,39;23846031;0,2;75871,53568;-142285,5357
5/11/2024;547,31;23779617;0,2;63988,47256;-130279,4726
6/11/2024;547,23;23713326;0,2;61116,46786;-143808,4679
7/11/2024;547,13;23630634;0,2;61740,63892;-144239,6389
8/11/2024;547,03;23548135;0,4;56831,5115;-155578,5115
9/11/2024;546,91;23449388;0,0;53417,4654;-143694,4654
10/11/2024;546,8;23359111;0,0;49640,39154;-139686,3915
11/11/2024;546,69;23269065;0,2;46151,29681;-144120,2968
12/11/2024;546,57;23171096;1,0;40544,91692;-130108,9169
13/11/2024;546,46;23081532;0,0;45063,20744;-101939,2074
14/11/2024;546,39;23024656;4,4;42389,47935;-99172,47935
15/11/2024;546,32;22967873;0,0;40002,35023;-112872,3502
16/11/2024;546,23;22895003;0,0;37056,92167;-117842,9217
17/11/2024;546,13;22814217;0,0;38157,9423;-102651,9423
18/11/2024;546,05;22749723;0,0;36828,89185;-133340,8918
19/11/2024;545,93;22653211;5,0;52037,89501;-116228,895
20/11/2024;545,85;22589020;19,2;277498,6015;-60370,60153
21/11/2024;546,12;22806148;23,0;338085,1662;247678,8338
22/11/2024;546,84;23391912;17,0;1115154,135;-427617,1351
23/11/2024;547,67;24079449;0,0;384051,6815;-207996,6815
24/11/2024;547,88;24255504;0,0;230905,9479;-155193,9479
25/11/2024;547,97;24331216;0,0;167039,5317;-133338,5317
26/11/2024;548,01;24364917;0,0;137739,901;-146167,901
27/11/2024;548;24356489;2,6;118998,5573;-118998,5573
28/11/2024;548;24356489;0,0;113294,902;-138567,902
29/11/2024;547,97;24331216;0,6;97056,65932;-139138,6593
30/11/2024;547,92;24289134;0,0;89140,03487;-131173,0349
1/12/2024;547,87;24247101;0,0;77018,81218;-119004,8122
2/12/2024;547,82;24205115;0,0;78237,77447;-103405,7745
3/12/2024;547,79;24179947;0,0;77704,00887;-119612,0089
4/12/2024;547,74;24138039;11,8;84760,21328;-101510,2133
5/12/2024;547,72;24121289;2,6;91877,38152;-133717,3815
6/12/2024;547,67;24079449;0,0;90629,45137;-149125,4514
7/12/2024;547,6;24020953;7,0;90171,97037;52053,02963
8/12/2024;547,77;24163178;36,2;666414,1022;-159975,1022
9/12/2024;548,37;24669617;46,0;683498,3917;-126955,3917
10/12/2024;549,02;25226160;7,4;667832,8629;-103010,8629
11/12/2024;549,67;25790982;3,0;738400,8087;-209621,8087
12/12/2024;550,27;26319761;0,0;503357,9315;-227353,9315
13/12/2024;550,58;26595765;14,4;398498,7991;-138563,7991
14/12/2024;550,87;26855700;0,8;596141,716;-134924,716
15/12/2024;551,38;27316917;0,0;550525,2457;-240137,2457
16/12/2024;551,72;27627305;0,0;374776,9409;-191103,9409
17/12/2024;551,92;27810978;0,0;349152,0721;-183152,0721
18/12/2024;552,1;27976978;0,2;357155,9967;-162657,9967
19/12/2024;552,31;28171476;2,2;372860,3348;-112131,3348
20/12/2024;552,59;28432205;40,6;556139,1083;-162040,1083
21/12/2024;553,01;28826304;0,0;429443,454;-221565,454
22/12/2024;553,23;29034182;11,0;614023,0774;140680,9226
23/12/2024;554,02;29788886;4,6;846696,286;-381817,286
24/12/2024;554,5;30253765;0,0;414304,8981;-209407,8981
25/12/2024;554,71;30458662;0,0;324512,6564;-197209,6564
26/12/2024;554,84;30585965;0,0;239738,2347;-151397,2347
27/12/2024;554,93;30674306;0,0;192949,9077;-153632,9077
28/12/2024;554,97;30713623;0,0;188977,0729;-179142,0729
29/12/2024;554,98;30723458;0,0;179974,3675;-150458,3675
30/12/2024;555,01;30752974;0,0;190539,8643;-161004,8643
31/12/2024;555,04;30782509;0,0;159935,1608;-30942444,16
